Order ID,Order Date,Delivery Date,Customer Name,Customer Type,Customer Age,Region,County,City,Branch,Sales Rep,Lead Source,Car Make,Car Model,Vehicle Type,Vehicle Year,Fuel Type,Transmission,Color,Units Sold,Unit Selling Price,Unit Cost,Discount,Delivery Fee,Logistics Cost,Payment Method,Payment Status,Delivery Status,Customer Rating,Review Count,Returned,Revenue Recorded
LC1000,"Aug 29, 2025",30/08/2025,Joy Wanjiku,Ngo,54,Nyanza,Kisumu,Kisumu,Kisumu Yard,Mary Wanjiku,walk in,Toyota,Prado Tx,SUV,2016,Petrol,Manual,Black,3,"KSh 8,136,000",6986000,7%,39000,"KES 56,000",Cash,Completed,At the Yard,4.5,2,Not Returned,"KES -22,738,440"
LCL-1001,19/01/2026,46066,CAROL MAINA,Corporate,46,Western,Kakamega,Kakamega,Kakamega Yard,Mary Wanj1ku,Facebook,Toyta,Prado Tx,SUV,2016,Diesel,Automatic,Pearl,3,"KSh 6,708,000","KSh 5,566,000",10%,"162,000","KSh213,000",Asset Financing,Completed,At the Yard,4.5,17,,9.14M
LCL-1002,26-Mar-25,04/06/2025,Naomi Muthoni,individual,46,Rift Valley,NAKURU,nakuru,nakuru yard,Dan1El Kimani,facebook,MITSUBISHI,OUTLANDER,SUV,2018,Petrol,AT,Gre,1,3326000,2562000,10%,51000,82000,Cash,PAID,Delayed,4.4 out of 5,36,Returned,"KES 3,044,400"
LCL-1003,"Feb 15, 2026",25/02/2026,Carol Ochieng,National Govt,42,Western,Kakamega,Kakamega,Kakamega Yard,Samuel Mutua,Website,TOYOTA,Fielder,Wagon,2018,Petrol,Automatic,Red,1,1840000,1661000,3%,"KES 88,000",118000,Bankers Cheque,Awaiting Payment,In Transit,2.6,,Not Returned,1872800
ORD1004,17-Mar-26,03/20/2026,Samuel Mutua,Individual,64,Nairobi,Nairobi,Nairobi,Nairobi Yard,Grace Njer1,WHATS APP,Mitsubishi,Pajero,SUV,2023,Hybrid,Automatic,Blue,1,"KES 4,783,000","KES 4,203,000",2%,"KES 75,000",missing,Cash,Completed,Delivered,4.4,42,Not Returned,"KSh 4,762,340"
LC1005,17-Jan-25,10-Feb-25,CAROL MWANGI,Company,27,WEST,Kakamega,Kakamega Town,Kakamega Yard,samuel mutua,Phone Call,isuzu,d max,Pickup,2023,PETROL,auto,Gre,3,4.2M,"KSh 3,456,000",5%,"KSh 112,000","KSh 148,000",Cash,Pending,Delivered,4.6,1,Returned,"KSh 12,073,450"
LC1006,"Oct 20, 2025",27/10/2025,James Muthoni,National Govt,48,Central,Kiambu,Thika,Thika Yard,Faith Achieng,Instagram,Nissan,Juke,Crossover,2026,Petrol,Automatic,Pearl,1,"KSh2,166,000",1847000,0%,0.08M,"KSh 100,000",Asset Financing,Awaiting Payment,Delivered,2.5,10,,2244000
LCL1007,45671,19/01/2025,Kevin Maina,Car Dealer,44,Western,Kakamega,Kakamega,Kakamega Yard,aisha mohamed,WhatsApp,Volkswagen,Golf,Hatchback,2026,Gasoline,Manual,Pearl,2,"KSh 2,084,000","KSh 1,736,000",120%,0.02M,"KSh 42,000",Wire Transfer,Cancelled,Cancelled,,18,Not Returned,-1627199
ORD1008,02/21/2025,10/05/2025,Winnie Kiptoo,Ngo,22,Central,Kiambu,Thika,Thika Yard,Fa1th Achieng,FACEBOOK,mercedes benz,E250,Saloon,2020,Diesel,Manual,Green,2,6770000,"5,980,000",7%,174000,207000,cash,Partially Paid,Delayed,3.8,17,Not Returned,"KSh12,766,200"
ORD1009,09/04/2025,45777,Mercy Wanjiku,Corporate,45,Rift Valley,Uasin Gishu,Eldoret,Eldoret Yard,Kevin Mwangi,corporate tender,Honda,Vezel,Crossover,null,Hybrid,A/T,Black,1,2920000,2588000,0.07,"KSh 140,000",188000,M Pesa,Completed,Cancelled,,1,Not Returned,#VALUE!
ORD1010,2026-13-04,01/05/2026,Daniel Wafula,Corporate,38,westen,kakamega,Kakamega,Kakamega Branch,samuel mutua,Corporate Tender,BMW,320i,Sedan,2026,Diesel,A/T,SILVER,1,3942000,"KES 3,297,000",7%,"KSh 29,000","KES 75,000",Asset Finance,paid,delivered,3.6 out of 5,,Returned,"KES 3,695,059"
LCL1011,06/02/2025,45825,Grace Mutua,Government,thirty,Nairobi,Nairobi,Nairobi,Nairobi Hq,KEVIN MWANGI,Facebook,toyota,corola,Sedan,2026,Petrol,Manual,pearl,1,"KSh 1,932,000","1,648,000",ten percent,"KSh114,000",120000,Bankers Cheque,PAID,completed,3.6 out of 5,9,Returned,"KSh1,814,160"
LC1012,"Oct 11, 2025",45948,Samuel Nyambura,Retail,53,Eastern,Machakos,Athi River,Athi River Yard,BRIAN OTIENO,WALK-IN,Toyota,Harrier,SUV,null,Petrol,A/T,Pearl,2,4721000,3990000,3%,103000,TBD,Bankers Cheque,Awaiting Payment,Delivered,3.9,19,Not Returned,"KSh9,261,740"
LCL1013,14-May-26,not sure,BRIAN MWANGI,dealer,47,Rift Valley,UASINGISHU,ELD,Eldoret Yard,Grace Njeri,walk in,bmw,x5,SUV,2021,Dsl,A/T,Whi,3 cars,10695000,"KSh9,240,000",5%,"KSh 43,000",42000,Bank Transfer,CANCELLED,Cancelled,4.2,9,Returned,KSh 0
LCL1014,21-Apr-25,05/19/2025,Brian Kimani,National Govt,60,Western,Kakamega,Kakamega,Kakamega Yard,Grace Njer1,corp tender,subaru,Subaru xv,Crossover,2023,Petrol,Automatic,Red,4,2637000,#VALUE!,5%,KES 0,"KSh37,000",M Pesa,Completed,At the Yard,5,22,Not Returned,-10079600
ord1015,,29/11/2025,James Kariuki,NGO,68,Nyanza,Kisumu,Kisumu,Kisumu Yard,GRACE,Walkin,Honda,Vezel,CROSSOVER,2024,Petrol,Automatic,WHITE,1,2745000,"KES 2,428,000",,missing,142000,bank,Paid,Delivered,3.8 out of 5,6,Returned,"KSh 1,231,625"
CAR1016,46051,23-Feb-26,Brian Ochieng,Car Dealer,61,Rift Valley,Nakuru,Nakuru,Nakuru Yard,mercy atieno,CORPORATE TENDER,Subaru,Forester,SUV,2018,Petrol,A/T,Black,3,3220000,"KES 2,480,000",0.15,"KSh 17,000",0.03M,Bankers Cheque,Completed,Delivered,4,9,Not Returned,8228000
LCL-1017,02/12/2025,15/02/2025,Kevin Mwangi,Individual,63,Rift Valley,Nakuru,Nakuru,Nakuru Yard,Kev1n Mwangi,Walk-in,Toyota,LC200,SUV,2023,Petrol,A/T,Green,1,13.29M,"10,535,000",12%,KES 0,#VALUE!,M Pesa,Awaiting Payment,In Transit,3.5,29,Not Returned,"KSh 11,794,600"
N/A,46178,46189,Daniel Mugambi,Government,53,Western,Kakamega,Kakamega,Kakamega Yard,grace  njeri,Walk-in,Toyota Kenya,Hilux,pickup,2019,Petrol,AUTO,Blue,N/A,5980000,"KES 4,660,000",3%,35000,34000,Asset Finance,Completed,Delivered,4.6,41,Returned,"KSh 5,835,600"
LCL1019,46192,46218,Brian Njeri,National Govt,58,Nyanza,Kisumu,Kisumu,Kisumu Yard,KEV1N MWANGI,referral,isuzu,N-Series,Truck,2015,Petrol,Manual,Blue,2,-5980000,4954000,NULL,17000,"KSh 31,000",Asset Financing,Awaiting Payment,Delivered,3,0,Not Returned,10183000
ord1020,45969,31/02/2026,Peter Mohamed,National Govt,46,Coast,Mombasa,Mombasa,Mombasa Port Yard,PETER KIPTOO,FACEBOOK,TOYOTA,Prado Tx,SUV,,Petrol,Automatic,Pearl,1,"KSh 6,472,000",5411000,0.15,"KES 93,000",127000,Bank transfer,Partially Paid,In Transit,2.2,11,Not Returned,11188400
ord1021,45667,23/01/2025,Carol Kariuki,Car Dealer,55,Central,Kiambu,Thika,Thika Yard,MERCY ATIENO,Walk-in,mercedes,GLE,SUV,2020,Petrol,Automatic,Green,1,"KES 12,472,000","KES 10,456,000",5 percent,66000,86000,Cash,Partially Paid,Delivered,2,37,Not Returned,11914400
LCL-1022,03/08/2025,"Aug 28, 2025",Joy Kariuki,N/A,24,western,Kakamega,KAKAMEGA,kakamega yard,faith achieng,WhatsApp,Honda,Fit,-,2026,Dsl,A/T,Bla,2,NULL,"KSh 978,000",3%,"KSh39,000","KSh 42,000",mpesa,PAID,,N/A,22,Returned,"KSh 1,213,570"
LC1023,11/04/2026,46150,Hassan Maina,county govt,42,NAIROBI,Nrb,Westlands,Nairobi HQ,BRIAN OTIENO,Website,TOYTA,Corolla,Sedan,2021,Dsl,MANUAL,WHITE,1,"KES 1,946,000","KES 1,663,000",0,120000,"KSh 190,000",Asset Finance,Refunded,AT YARD,3.7,24,Returned,KES 0
LCL1024,23/02/2026,#DATE!,Hassan Kariuki,Ngo,54,Coast,Mombasa,Mombasa,Mombasa Port Yard,kevin  mwangi,Phone Call,Volkswagen,Tiguan,SUV,2025,Petrol,Automatic,Pearl,1,"KSh 5,036,000","KSh 4,380,000",0.1,"KSh 25,000",55000,Bank transfer,Completed,In Transit,3.2,25,Not Returned,4557400
CAR1025,"Apr 16, 2025",05/04/2025,Mary Kimani,GOVERNMENT,55,Central,KIAMBU,Thika,Thika yard,Dan1el Kimani,REFERRAL,Toyta,Prado TX,SUV,2023,pms,Automatic,GREEN,1,8127000,6.6M,0.02,"KES 43,000",65000,M-Pesa,paid,In Transit,3.1 out of 5,34,Returned,8007460
CAR1026,17/10/2025,45960,N/A,Corporate,,Central,Kiambu County,Thika,THIKA YARD,faith achieng,call,Toyota,LAND-CRUISER,SUV,2022,Petrol,automatic,Green,2,"KES 13,695,000","KES 12,337,000",15%,86000,"KSh 137,000",M-Pesa,paid,Delivered,3.5 out of 5,36,Returned,23367500
ORD1027,45770,45785,Brian Kimani,GOVERNMENT,38,Central,Kiambu,Thika,Thika Yard,Aisha Mohamed,FB,TOYOTA,Prado TX,SUV,2020,hybrid,a/t,GREEN,1,"KES 7,937,000","KES 6,868,000",12 percent,"KSh 119,000",133000,BANK TRANSFER,PAID,Delivered,3.5 out of 5,39,Returned,"KSh7,103,560"
CAR1028,"Jan 06, 2026",46055,Kevin Nyambura,corporate,121,nyanza,kisumu,Ksm,Kisumu branch,mercy atieno,WhatsApp,Subaru,Imprezza,Sedan,2020,gasoline,MANUAL,Bla,1,1871000,"1,538,000",50%,25000,52000,Asset Finance,Paid,completed,5.0 out of 5,3,Returned,"KSh480,250"
ORD1029,27-May-26,06-Jun-26,NULL,county govt,50,Western,KAKAMEGA,Kakamega,KAKAMEGA YARD,Brian Otieno,Website,Honda,FIT,HATCHBACK,2020,petrol,Automatic,Blu,7,1242000,1010000,,155000,"KSh 210,000",Cash,Partially Paid,Delivered,3.7 out of 5,44,Returned,8588180
ORD1030,12/01/2026,46064,Linda Wafula,National Govt,36,Coast,Mombasa,Mombasa,Mombasa Port Yard,Brian Otieno,web,Subaru,Outback,Wagon,2020,Petrol,Automatic,Silver,1,3931000,#VALUE!,12%,0.05M,error,M Pesa,Completed,Cancelled,4,10,Not Returned,"KSh3,512,280"
LCL1031,26-Jan-26,01/28/2026,James Kiptoo,National Govt,25,Rift Valley,Uasin Gishu,Eldoret,Eldoret Yard,Mercy,WhatsApp,Honda,Fit,Hatchback,2026,Gasoline,Automatic,Green,3,1441000,"KES 1,246,000",5,29000,36000,M Pesa,Completed,Delivered,4.3,8,Not Returned,4135850
N/A,10/07/2025,45852,Kevin Chebet,Individual,43,Coast,Mombasa,Mombasa,Mombasa Port Yard,SAMUEL MUTUA,WHATSAPP,Mazda,Axela,Sedan,2023,Diesel,Automatic,Silver,1,"KSh1,917,000",1735000,3%,35000,77000,Asset Financing,Cancelled,Cancelled,,19,Not Returned,"1,894,490"
ORD1033,46104,46128,Mercy Chebet,Ngo,32,Eastern,Machakos,Athi River,Athi River Yard,Samuel Mutua,corporate tender,Mitshubishi,Canter,Truck,2024,Petrol,Automatic,Black,1,"KES 3,649,000",3229000,10%,154000,"KES 142,000",M Pesa,Completed,In Transit,5,2,Not Returned,"3,438,100"
ord1034,06/29/2025,07/25/2025,Daniel Kiptoo,Ngo,46,Nyanza,Kisumu,Kisumu,Kisumu Yard,Mary Wanjiku,Website,toyta,Land Cruiser,SUV,2019,Diesel,M/T,Grey,3,7374000,5896000,ten percent,111000,"KSh 108,000",M Pesa,Awaiting Payment,Delivered,4,22,Not Returned,"KSh 18,914,700"
CAR1035,45732,15/04/2025,Grace Kimani,Ngo,56,Eastern,Machakos,Athi River,Athi River Yard,mary wanjiku,WhatsApp,Toyota,Harrier,SUV,2020,Diesel,Automatic,Grey,3,"KSh 4,993,000",3872000,0.07,"KSh89,000",141000,M Pesa,Partially Paid,Delivered,4.6,41,Not Returned,14.02M
LCL1036,45662,45681,Faith Otieno,Individual,53,Central,Kiambu,Thika,Thika Yard,Aisha Mohamed,whatsapp,nissan,XTrail,SUV,2026,Petrol,Automatic,Red,1,3604000,,15 percent,"KSh 104,000",89000,cash,Awaiting Payment,Delivered,2.1,1,Not Returned,"KSh3,167,400"
ord1020,46030,15/01/2026,MERCY MUGAMBI,government,50,Nyanza,Ksm,Ksm,KISUMU YARD,Samuel  Mutua,Watsapp,SUBRU,Outback,WAGON,2020,HYBRID,automatic,Silver,1,4199000,"KSh -3,467,000",0%,"68,000",73000,M-Pesa,Partially Paid,DELIVERED,4.7 out of 5,24,Returned,"KSh 4,267,000"
ord1038,"Apr 11, 2025",45779,Kevin Kimani,National Govt,68,Western,Kakamega,Kakamega,Kakamega Yard,Mercy Atieno,Walkin,Subaru,Subaru xv,Crossover,2026,Petrol,Automatic,Pearl,-1,error,2388000,3%,"KSh 146,000","KSh 129,000",Bank transfer,Cancelled,Cancelled,2.3,40,Not Returned,0
CAR1039,05/04/2026,46147,JAMES WAFULA,Ngo,28,Central,Kiambu,Thika,Thika Yard,peter kiptoo,Insta,SUBARU,Forester,SUV,Twenty Twenty,Hybrid,A/T,Pearl,1,3586000,"2,977,000",120%,"KSh106,000","KSh 84,000",Cash,Completed,Delivered,3.3,33,,"KES -611,199"
ORD1040,45976,26/11/2025,Grace Kariuki,NGO,25,Coast,Mombasa,MOMBASA,MOMBASA YARD,Peter,Corporate Tender,Mazda,Demio,Hatchback,2015,petrol,Automatic,GREY,1,1210000,961000,10%,"KES 84,000",68000,Asset Finance,paid,transit,2.7,14,Returned,1173000
ORD1041,"Jan 07, 2025",27-Jan-25,Victor Kiptoo,Ngo,42,Rift Valley,Uasin Gishu,Eldoret,Eldoret Yard,aisha mohamed,Call,Mazda,Demio,Hatchback,2025,Petrol,Automatic,Blue,3,1.05M,"917,000",0%,"KSh 157,000","KSh122,000",Asset Financing,Partially Paid,Delivered,4.9,35,Not Returned,2965500
LC1042,11-Mar-25,,BRIAN OCHIENG,corporate,unknown,EASTERN,Machakos,Athi River,Athi River Yard,Daniel Kimani,WALKIN,totoya,Harrier,SUV,2026,diesel,Automatic,Silver,2,"4,225,000",error,7%,118000,0.13M,cash,Paid,In Transit,4.6 out of 5,5,Returned,7976499
ORD1043,18/10/2025,45974,daniel otieno,Ngo,27,Central,Kiambu,Thika,Thika Yard,Grace Njeri,Corporate Tender,mazda,CX5,SUV,2016,Diesel,Manual,Blue,1,"KSh 3,746,000",3299000,2%,"KSh31,000","KSh 59,000",Cash,Awaiting Payment,Delivered,2.1,24,Not Returned,3702080
CAR1044,15/08/2025,06/09/2025,Faith Achieng,Retail,36,Rift,NKR,nakuru,Nakuru Yard,FAITH  ACHIENG,Facebook,Mitsubishi,Pajero,SUV,2021,Diesel,Automatic,Grey,2,"4,529,000","3,848,000",2%,"KSh 50,000","KSh34,000",BANK TRANSFER,partial,Delivered,4.4,38,Returned,8926840
LC1045,#DATE!,45895,hassan maina,INDIVIDUAL,48,NAIROBI,nairobi county,nairobi,NAIROBI HQ,peter  kiptoo,Referral,toyota,Prado TX,SUV,2020,petrol,Manual,Red,1,"KSh6,760,000",5654000,0%,"KSh 70,000",86000,cheque,Paid,DONE,2.5 out of 5,29,Returned,"6,830,000"
N/A,"May 16, 2025",07/06/2025,Faith Mwangi,Ngo,35,Coast,Mombasa,Mombasa,Mombasa Port Yard,Mary Wanjiku,Corporate Tender,mazda,DEMIO,Hatchback,2018,Diesel,Automatic,Silver,4,1252000,"KSh 1,112,000",7%,"141,000","KES 131,000",Bank transfer,Completed,Delivered,,9,Not Returned,"KES 4,798,440"
ORD1047,46128,26-Apr-26,Mercy Mohamed,Individual,54,Nyanza,Kisumu,Kisumu,Kisumu Yard,Faith Achieng,Tender,Subaru,impreza,Sedan,2021,Petrol,A/T,Silver,1,"2,177,000","KSh 1,699,000",15%,"KSh 64,000","74,000",Asset Financing,Completed,In Transit,2.2,42,Not Returned,1914450
LCL1048,26/11/2025,12/05/2025,Brian Ochieng,Corporate,59,nrb,Nairobi,Nairobi,NAIROBI HQ,Mercy Atieno,Site,mazda,Atenza,Sedan,2025,PETROL,MANUAL,White,2,2142000,"1,948,000",unknown,615000,"KSh 124,000",Cash,complete,At Yard,4.4,6,Returned,"KSh 3,550,200"
CAR1049,09-Sept-25,45914,Mercy Ochieng,National Govt,59,Western,Kakamega,Kakamega,Kakamega Yard,Grace Njeri,Site,Nissan,Navara,Pickup,2017,Gasoline,Manual,Black,1,4654000,"KSh 4,089,000",5%,134000,"KSh184,000",Bankers Cheque,Refunded,Delivered,4.6,2,Not Returned,0
LC1050,06/03/2025,NULL,Daniel Kimani,Individual,40,Coast,Mombasa,Mombasa,Mombasa Port Yard,Peter K1ptoo,Facebook,Toyta,Harrier,SUV,2025,Gasoline,Manual,Black,1,"KSh 4,823,000","KSh 4,086,000",NULL,"KES 152,000",136000,Asset Financing,Completed,Delivered,2.8,23,Not Returned,"4,733,850"
CAR1051,46158,20/05/2026,Hassan Kimani,Dealer,35,Central,KIAMBU,Thika,Thika,Brian Otieno,facebook,TOYOTA,HARRIER,SUV,2016,PETROL,A/T,Silver,1,4994000,4186000,5%,70000,89000,M-Pesa,Pending,IN TRANSIT,3.6 out of 5,12,Returned,4814300
ORD1052,21/06/2025,45854,PETER KIPTOO,National Govt,23,Coast,Mombasa,Mombasa,Mombasa Port Yard,Mary  Wanjiku,insta,HONDA,Vezel,Crossover,2021,Hybrid,Automatic,Green,1,missing,2.22M,0.1,0.04M,"KES 37,000",Bankers Cheque,Completed,Delivered,2.6,22,Not Returned,2559500
ORD1053,"Feb 06, 2026",not sure,James Muthoni,individual,64,Eastern,machakos,ATHI RIVER,Athi River Yard,Aisha Mohamed,WALK-IN,Mitsubishi,CANTER,Truck,2023,Petrol,Manual,white,,not available,3.06M,0.12,"KSh 71,000",-101000,bank transfer,PAID,Delivered,5 out of 5,34,Returned,9.23M
LCL1054,11/12/2025,46014,Joseph Mugambi,Ngo,57,Nyanza,Kisumu,Kisumu,Kisumu Yard,Mercy Atieno,WALK-IN,V.W,Tiguan,SUV,2019,Petrol,Automatic,White,1,"KSh 4,093,000","3,477,000",12%,"138,000","KSh104,000",M Pesa,Cancelled,Cancelled,2.1,34,Not Returned,0
CAR1055,15-Aug-25,"Aug 27, 2025",Winnie Wanjiku,Car Dealer,57,Coast,Mombasa,Mombasa,Mombasa Port Yard,Peter Kiptoo,Instagram,subaru,Forester,SUV,2021,PMS,Automatic,Grey,1,3889000,"KSh 3,176,000",15,143000,"KSh 139,000",Bankers Cheque,Completed,Delivered,3.3,,,3448650
LCL1056,25/01/2025,06/02/2025,Daniel Achieng,Retail,63,western,Kakamega,Kakamega,Kakamega Yard,Faith Achieng,WhatsApp,honda,fit,Hatchback,2026,Petrol,MT,silver,1,1337000,"KSh 1,123,000",ten percent,"KSh 36,000",78000,CHEQUE,Pending,Delivered,2.5,23,Returned,"KSh 1,332,890"
CAR1057,45699,"Feb 13, 2025",Daniel Achieng,Car Dealer,44,Western,Kakamega,Kakamega,Kakamega Yard,Faith Achieng,IG,HONDA,Fit,Hatchback,2023,Petrol,Manual,Red,0,1424000,"KSh 1,219,000",0%,149000,171000,cash,Completed,Delivered,4.7,18,Not Returned,"KSh5,845,000"
CAR1058,23/12/2025,14/01/2026,Joseph Wanjiku,Individual,55,Nyanza,Kisumu,Kisumu,Kisumu Yard,mercy  atieno,Corporate Tender,isuzu,D-Max,Pickup,2026,Hybrid,Automatic,Black,1,"KSh4,220,000",3756000,2%,"KSh105,000","KSh124,000",cash,Completed,Delayed,4.2,37,Not Returned,"KES 4,240,600"
LCL1059,45660,45681,Peter Kimani,Ngo,53,Western,Kakamega,Kakamega,Kakamega Yard,daniel kimani,WhatsApp,Mazada,demio,Hatchback,2017,Diesel,Automatic,White,3,"KSh 1,200,000","KSh 921,000",3 percent,90000,"153,000",Asset Financing,Partially Paid,Delivered,5,32,Not Returned,3582000
ORD1060,not sure,46198,Mary Mwangi,Car Dealer,33,Eastern,Machakos,Athi River,Athi River Yard,Faith Achieng,Corporate Tender,nissan,XTrail,SUV,2022,Petrol,Automatic,White,2,"KSh 3,524,000","KSh 3,117,000",Disc,32000,"KSh 62,000",Bank transfer,Completed,Delayed,3.5,24,Not Returned,7080000
LCL-1061,03/15/2025,45750,James Kiptoo,County govt,55,Eastern,Machakos,Athi River,Athi River Yard,Peter  Kiptoo,instagram,Mercedes-Benz,gle,SUV,null,PMS,Manual,Silver,1,"KSh 11,837,000",10733000,0%,"KES 41,000","60,000",M Pesa,Awaiting Payment,At the Yard,2.6,6,Not Returned,"KES 11,878,000"
ord1062,02/27/2025,25/03/2025,N/A,Car Dealer,32,Eastern,Machakos,Athi River,Athi River Yard,faith,phonecall,VOLKS WAGEN,Golf,Hatchback,2016,Diesel,M/T,Black,1,"KSh1,944,000",0.0M,15%,104000,143000,Cash,Completed,Delivered,4.1,14,Not Returned,"1,932,040"
ord1063,01/03/2025,45742,Naomi Ochieng,Individual,56,Eastern,Machakos,Athi River,Athi River Yard,Samuel Mutua,phone,mitsubishi,PAJERO,SUV,2025,Petrol,Automatic,Green,1,"KSh 5,509,000","KSh4,827,000",3 percent,"KSh 172,000",169000,mpesa,complete,delivered,4.3,21,Returned,6.07M
LCL1064,17/08/2025,26/08/2025,Naomi Mwangi,government,40,Rift-Valley,Nakuru,nakuru,Nakuru Yard,Grace,Facebook,Toyota,harrier,SUV,2018,Diesel,automatic,Blue,1,4536000,"3,584,000",7%,23000,"50,000",M-Pesa,Completed,DELIVERED,4.7 out of 5,29,Returned,4241480
LCL-1065,15-Feb-26,46079,Daniel Achieng,Car Dealer,56,Nyanza,Kisumu,Kisumu,Kisumu Yard,DANIEL  KIMANI,corporate tender,Honda Motors,CRV,SUV,2023,Petrol,Automatic,Pearl,4,"4,227,000","KES 3,650,000",0.12,35000,"KSh23,000",M Pesa,Cancelled,Cancelled,4.8,34,Not Returned,KSh 0
ord1066,04-Mar-26,46089,faith achieng,National Govt,23,Western,Kakamega,Kakamega,Kakamega Yard,Daniel Kimani,Phone Call,Toyota,Fielder,Wagon,2026,Diesel,Manual,White,1,"KSh 1,965,000",1712000,0%,"KES 121,000",0.12M,Asset Financing,Awaiting Payment,Delivered,3.5,42,Not Returned,"KSh2,086,000"
LC1067,45658,31/01/2025,Daniel Kimani,Individual,29,Central,Kiambu,Thika,Thika Yard,Mercy  Atieno,WALK-IN,Toyota,Corolla ,Sedan,2020,Gasoline,Automatic,Silver,1,"KES 1,890,000",1523000,5%,error,0.14M,Bank transfer,Awaiting Payment,Delayed,4.7,8,Not Returned,"1,916,500"
ord1068,07/11/2025,11/11/2025,Mary Maina,County govt,31,Rift Valley,Uasin Gishu,Eldoret,Eldoret Yard,AISHA  MOHAMED,FACEBOOK,Nissan,Juke,Crossover,2018,Diesel,Automatic,Pearl,1,"1,837,000",1619000,7%,"KSh 40,000",0,CASH,Completed,Delivered,2.4,39,Not Returned,"KSh 1,748,410"
ORD1069,21-Feb-26,46087,Winnie Mohamed,car dealer,28,Western,Kakamega,kakamega,KAKAMEGA YARD,KEVIN MWANGI,Facebook,SUBARU,Outback,wagon,2019,diesel,AUTOMATIC,Red,2,"KSh 4,059,000","KSh 3,300,000",12%,33000,"83,000",asset financing,complete,delayed,4.8 out of 5,23,Returned,"KSh 7,176,840"
CAR1070,45849,"Jul 23, 2025",Aisha Mugambi,National Govt,23,Rift Valley,Uasin Gishu,Eldoret,Eldoret Yard,Daniel Kimani,IG,Volkswagen,Golf,Hatchback,2021,Petrol,Automatic,Blue,4,1970000,missing,0.12,"KES 80,000","KSh 111,000",Bankers Cheque,Completed,Delivered,4.7,9,Not Returned,"KES 7,014,400"
LCL1071,45842,2026-13-04,MERCY ACHIENG,Individual,22,Nyanza,Kisumu,Kisumu,Kisumu Yard,Daniel,website,toyota,Harrier,SUV,2018,Petrol,Automatic,Grey,two,"KSh 4,665,000",3928000,-10,"KSh74,000","102,000",Asset Financing,Cancelled,Cancelled,1,29,Not Returned,"KES -5,205,500"
ORD1072,08/07/2025,11-Jul-25,Hassan Omondi,Corporate,35,Rift Valley,Nakuru,NKR,Nakuru Yard,grace njeri,Facebook,SUBARU,Forester,SUV,2018,Hybrid,Automatic,WHITE,1,"KSh 3,760,000",3012000,2%,"KSh 132,000",-,BANK,PENDING,IN TRANSIT,4.7/5,,Returned,"KSh 3,816,800"
LC1073,45949,08/11/2025,Joy Kariuki,GOVERNMENT,47,Central,KIAMBU,thikka,Thika yard,Brian Otieno,IG,Mazda,CX-5,suv,2025,Petrol,at,White,2,"KSh 3,667,000",#VALUE!,0.12,109000,155000,ASSET FINANCE,partial,completed,2.6,4,Returned,"KSh 6,562,920"
LCL1074,"Aug 10, 2025",45883,AISHA CHEBET,Car Dealer,63,Western,Kakamega,Kakamega,Kakamega Yard,mary wanj1ku,FACEBOOK,Mitsubishi,Pajero,SUV,2018,Hybrid,Automatic,Blue,2,"KSh 4,801,000",3814000,5%,16000,"KSh42,000",Bankers Cheque,Completed,Delivered,3.9,35,Not Returned,"KES 9,137,900"
LCL1075,46014,46035,SAMUEL NJERI,Car Dealer,49,Western,Kakamega,Kakamega,Kakamega Yard,Mercy Atieno,INSTAGRAM,B.M.W,CX5,SUV,2023,Diesel,Manual,Pearl,1,"KES 9,573,000","KSh 7,362,000",2 percent,155000,230000,Bankers Cheque,Completed,At the Yard,3.3,26,Not Returned,19073080
CAR1076,11/30/2025,46016,Samuel Kimani,Car Dealer,25,Nyanza,Kisumu,Kisumu,Kisumu Yard,daniel kimani,Facebook,subaru,Subaru xv,Crossover,2019,Petrol,Automatic,Red,1,"KSh 2,283,000",1841000,Disc,136000,204000,Bank transfer,Completed,At the Yard,4.4,26,Not Returned,4381400
LCL-1077,11/25/2025,46006,James Otieno,Car Dealer,38,Central,Kiambu,Thika,Thika Yard,aisha mohamed,REFERRAL,TOYOTA,Corolla ,,N/A,Gasoline,Automatic,,NULL,"KSh 1,778,000","KES 1,447,000",0%,"22,000",,Asset Financing,Completed,Cancelled,4.8,10,Not Returned,5.36M
ORD1078,11/03/2026,April 31 2026,Naomi Chebet,National Govt,58,Western,Kakamega,Kakamega,Kakamega Yard,Mercy Atieno,Referral,MERCEDES-BENZ,C200,Sedan,2021,Petrol,Automatic,Blue,1,4549000,"KES 4,065,000",10%,"KSh 121,000",,M Pesa,Partially Paid,Delayed,4.6,10,Not Returned,"KSh 4,215,100"
ORD1079,23/07/2025,45862,John Muthoni,Government,46,Rift Valley,Nkr,nakuru,Nakuru Yard,Kevin  Mwangi,Tender,BMW,320i,saloon,2019,hybrid,AUTOMATIC,Green,1,4301000,"KSh 3,311,000",7,"KES 86,000",0.12M,ASSET FINANCE,PAID,COMPLETED,4.0 out of 5,29,Returned,4085929
LCL-1080,28/03/2025,14/03/2025,Linda Mugambi,Corporate,37,Coast,Mombasa,Mombasa,Mombasa Port Yard,Peter Kiptoo,Website,Honda motors,Vezel,Crossover,2021,Petrol,Automatic,Blue,1,2489000,"1,910,000",10,0.12M,0.11M,cash,Completed,At the Yard,2.8,38,Not Returned,2355100
LC1081,2026-13-04,45837,Linda Mutua,Dealer,unknown,Coast,MOMBASA,mombasa,MSA yard,BRIAN OTIENO,FACEBOOK,Subaru,out back,Wagon,2021,Diesel,automatic,BLACK,1,3505000,2967000,7%,78000,129000,cheque,Complete,Delivered,4.4,31,Returned,"3,337,650"
LCL1082,02/04/2026,46085,Mary Otieno,Ngo,52,Central,Kiambu,Thika,Thika Yard,BRIAN OTIENO,phone call,Mitshubishi,outlander,SUV,2021,Diesel,Automatic,White,5,3336000,"KSh 3,031,000",15 percent,156000,209000,Bank transfer,Awaiting Payment,Delivered,3.4,11,Not Returned,"KSh14,334,000"
N/A,45774,45780,Faith Mohamed,National Govt,47,Rift Valley,Uasin Gishu,Eldoret,Eldoret Yard,Mercy Atieno,Facebook,Mercedes Benz,C200,Sedan,2018,Petrol,Automatic,Pearl,1,4798000,"4,154,000",0%,"KES 167,000","KSh 244,000",Cash,Completed,Delivered,4,26,Not Returned,"KSh 4,965,000"
CAR1084,13/03/2025,01-Apr-25,Aisha Achieng,National Govt,29,Central,Kiambu,Thika,Thika Yard,Samuel Mutua,Phone Call,Toyota Kenya,Hiace,Van,2019,Petrol,Automatic,Blue,NULL,4332000,3484000,50%,"KSh 62,000","KES 71,000",Bankers Cheque,Completed,Delivered,3.6,23,Not Returned,2.23M
N/A,46104,04/09/2026,WINNIE WAFULA,Ngo,24,Western,Kakamega,Kakamega,Kakamega Yard,Faith Achieng,site,toyota,Prado Tx,SUV,2015,Petrol,Automatic,Pearl,2,"KSh6,959,000","KSh5,484,000",0.12,72000,91000,Asset Financing,Partially Paid,Delivered,,,Not Returned,12319840
CAR1086,01/31/2026,11/02/2026,mary achieng,corp,27,RIFT VALLEY,NAKURU,Nakuru,Nakuru Yard,GRACE NJER1,Call,nissan,NOTE,Hatchback,2016,petrol,Automatic,Blu,5,"KSh 1,375,000","KES 1,203,000",5 percent,#VALUE!,"89,000",Bank Transfer,Paid,In Transit,2.5 out of 5,41,Returned,6595250
CAR1087,45812,45814,Faith Otieno,Individual,58,Rift Valley,Uasin Gishu,Eldoret,Eldoret Yard,Mercy,phonecall,Mitsubishi,Outlander,SUV,2019,Petrol,Manual,Black,1,"KSh 3,433,000","KES 3,046,000",Disc,"KSh 70,000","96,000",Bank transfer,Completed,Delivered,2.5,24,,3434340
LC1088,"Jan 31, 2026",46069,Joy Wafula,car dealer,38,Coast,Mombasa county,Mombasa,Mombasa Port Yard,Mary Wanj1ku,Instagram,Isuzu,Dmax Pickup,pickup,2018,DIESEL,Automatic,White,1,4.46M,3415000,None,"KES 39,000",70000,M-PESA,Paid,At Yard,3.9 out of 5,6,Returned,4362290
ord1089,10-Jan-26,46057,Kevin Ochieng,Car Dealer,45,Western,Kakamega,Kakamega,Kakamega Yard,Grace Njeri,Corporate Tender,Isuzu,N-Series,Truck,2020,Diesel,A/T,Pearl,3,5144000,4188000,7%,"KSh 97,000",113000,Bankers Cheque,Cancelled,Cancelled,3.2,12,Not Returned,0
ord1090,06/05/2026,46164,Samuel Kiptoo,Car Dealer,25,Coast,Mombasa,Mombasa,Mombasa Port Yard,Peter Kiptoo,Referral,mercedes benz,C200,Saloon,2032,Petrol,Automatic,Green,1,"KSh5,159,000",4663000,15,"KSh 73,000","KSh 78,000",Cash,Completed,Delivered,2.3,43,Not Returned,"KSh4,458,150"
LC1091,29/11/2025,12-Dec-25,Winnie Achieng,Car Dealer,38,Western,Kakamega,Kakamega,Kakamega Yard,A1Sha Mohamed,SITE,Subaru,Forester,SUV,2020,Petrol,M/T,Green,1,"KSh 3,535,000",2774000,2,"KSh 142,000",159000,Wire Transfer,Completed,Delivered,3.5,24,Not Returned,3966930
ord1092,45966,30/11/2025,Grace Wanjiku,GOVERNMENT,60,rift,Uasin Gishu,Eldoret,eldoret yard,faith achieng,Referral,HONDA MOTORS,Vezel,Crossover,2026,Petrol,MT,Red,2,2372000,"KSh 1,998,000",0.02,"153,000",0.1M,Bank Transfer,Paid,held,3.5 out of 5,20,Returned,4802120
LC1093,21-Jun-25,21/07/2025,Joy Wanjiku,Individual,51,Msa Region,mombasa,Mombasa,Mombasa Port,aisha mohamed,WHATS APP,Toyota,Prado TX,SUV,2021,petrol,auto,blue,1,"KSh7,151,000",5443000,twenty %,"KSh 131,000",164000,Cash,pending,Delivered,4.5 out of 5,19,Returned,error
LCL-1094,45768,05/13/2025,Kevin Ochieng,National Govt,40,Nairobi,Nairobi,Nairobi,Nairobi Yard,faith achieng,WALK-IN,Volkswagen,TIGUAN,SUV,2025,PMS,Manual,Grey,3,47050000,3707000,10%,38000,62000,Bank transfer,Completed,Delivered,2.7,44,Not Returned,"-12,741,500"
ord1095,13/05/2025,19/05/2025,Linda Wanjiku,NGO,44,Nairobi,Nairobi,Nairobi,Nairobi Hq,brian otieno,Tender,Subaru,Impreza,saloon,2024,hybrid/petrol,a/t,Pearl,1,1728000,"1,452,000",15%,153000,"KES 175,000",cheque,DEPOSIT PAID,cancelled,3.9 out of 5,6,Returned,"KSh810,900"
ORD1096,45921,06/10/2025,Aisha Mutua,Ngo,31,Western,Kakamega,Kakamega,Kakamega Yard,MARY,WEBSITE,Toyota,Prado Tx,SUV,,Petrol,Automatic,Black,1,"KSh 7,231,000","KES 6,304,000",3%,"KES 115,000","KSh 122,000",M Pesa,Completed,Delivered,3,41,Not Returned,7129070
ord1097,46033,03/16/2026,Carol Wanjiku,Car Dealer,28,Rift Valley,Nakuru,Nakuru,Nakuru Yard,Brian Otieno,Phone Call,Subaru,Outback,Wagon,2017,Diesel,Automatic,Grey,1,"KES 3,369,000",KES 0,15%,"KSh 141,000",204000,Bankers Cheque,Completed,Delivered,2.5,20,Not Returned,3004650
LC1098,,46194,linda achieng,Ngo,56,Coast,Mombasa,Mombasa,Mombasa Port Yard,Mary Wanj1ku,Phone Call,Mazda,Axela,Sedan,202A,Petrol,Automatic,Silver,1,1819000,1532000,15%,"KSh 150,000",203000,Bankers Cheque,Completed,Delivered,4.2,20,Not Returned,missing
ord1099,45915,45940,N/A,Retail,65,Eastern,Machakos,Athi River,Athi River Yard,Faith Achieng,WALK IN,Subaru,outback,Wagon,2016,Diesel,Automatic,Black,1,"KES 3,715,000",2969000,5%,845000,"KSh 174,000",Cash,Completed,Delivered,2.5,,Not Returned,3698250
CAR1100,N/A,05/20/2026,Mercy Nyambura,NGO,56,Central,Kiambu,Thikka,Thika Yard,Samuel Mutua,Phone Call,MAZDA,Demio,Hatchback,2016,Diesel,at,Silver,2,"KES 1,346,000",1090000,10%,"KES 37,000",48000,Asset Finance,AWAITING PAYMENT,ON THE WAY,4.0 out of 5,18,Returned,2459800
CAR1101,46133,14/05/2026,carol njeri,County govt,50,Coast,Mombasa,Mombasa,Mombasa Port Yard,Brian Otieno,website,toyota,Land Cruiser,SUV,2015,Gasoline,Automatic,White,2,12378000,"KSh 9,527,000",0.03,"KSh113,000",146000,M Pesa,Partially Paid,In Transit,3.4,21,Not Returned,"KSh24,126,320"
LCL1102,46145,29/05/2026,Victor Ochieng,Individual,68,Coast,MOMBASA,MOMBASA,Mombasa Port Yard,GRACE NJERI,Instagram,Honda,Vezel,CROSSOVER,2018,PETROL,Automatic,Silver,1,2789000,NULL,20%,0.04M,0.04M,CASH,Paid,DELAYED,3.2 out of 5,4,Returned,"KSh 2,270,200"
ord1103,10/04/2026,30/04/2026,AISHA MUTUA,Corporate,64,Nyanza,Kisumu,Kisumu,Kisumu Yard,Brian Otieno,website,TOYOTA,Harrier,SUV,2021,Petrol,A/T,Grey,1,4904000,4288000,0.12,"59,000",74000,Bankers Cheque,Completed,Delivered,1,6,,4374520
LC1104,45756,21/04/2025,Daniel Maina,Corporate,55,Rift Valley,Nakuru,Nakuru,Nakuru Yard,Mary Wanjiku,Walk-in,Isuzu,d-max,Pickup,2023,Hybrid,Automatic,Red,1,4302000,"KSh3,753,000",3%,"KES 42,000",38000,Bank transfer,Completed,In Transit,3,10,,"KSh 4,214,940"
-,"Mar 11, 2026",28-Mar-26,Peter Nyambura,Company,27,rift valley,Uasingishu,Eldoret,Eldoret Yard,BRIAN OTIENO,IG,Toyota,HARRIER,SUV,Twenty Twenty,PETROL,Automatic,silver,1,"KES 4,049,000","KES 3,282,000",0.05,"KSh 60,000",105000,bank,PENDING,AT YARD,4,21,Returned,"KSh3,906,550"
CAR1106,03/25/2026,NULL,Hassan Ochieng,Individual,46,Coast,Mombasa,Mombasa,Mombasa Port Yard,mary wanjiku,Face book,BENZ,E250,Sedan,2017,Diesel,Automatic,Silver,3,"KSh 5,985,000","KSh5,233,000",7,51000,0.09M,Bankers Cheque,Completed,Delivered,2.5,15,Not Returned,16749149
N/A,"Jan 10, 2025",N/A,WINNIE ACHIENG,Government,60,Coast,Mombasa county,MOMBASA,Mombasa Port Yard,samuel mutua,INSTAGRAM,toyota,Fieldar,Wagon,2025,petrol,A/T,white,3,1636000,1295000,15%,"KES 90,000",138000,M-Pesa,complete,Cancelled,2.4 out of 5,16,Returned,"KSh 4,261,800"
CAR1108,05/03/2025,30/03/2025,Kevin Mohamed,Car Dealer,51,Nairobi,Nairobi,Nairobi,Nairobi Yard,GRACE NJERI,walk-in,TOYTA,hilux,Pickup,2018,Petrol,Automatic,White,1,"4,894,000","KSh 4,313,000",unknown,"KES 160,000","KSh114,000",Asset Financing,Partially Paid,Delivered,3,34,Not Returned,"KSh 4,319,900"
ORD1109,,45968,Brian Wafula,Car Dealer,37,Coast,Mombasa,Mombasa,Mombasa Port Yard,Mary,walk-in,MERCEDES BENZ,E250,Sedan,2019,gasoline,Automatic,Pearl,1,"KSh7,033,000",5892000,Disc,42000,"KES 55,000",Bankers Cheque,Completed,In Transit,3.8,11,Not Returned,6367500
ORD1110,10-Jun-25,07/04/2025,Brian Mohamed,Individual,35,central,kiambu,Thika,thika yard,FAITH ACHIENG,Corporate Tender,Nissan,Navara,Pickup,2017,Petrol,MT,WHITE,2,"KES 4,388,000",3778000,ten percent,162000,"KSh 159,000",CASH,pending,IN-TRANSIT,4.6 out of 5,8,Returned,"KSh 8,499,200"
ORD1111,"Nov 02, 2025",11/29/2025,Hassan Mutua,Dealer,49,Central,Kiambu,Thika,Thika Yard,Kevin Mwangi,Facebook,volkswagen,Tiguan,SUV,2018,PMS,AT,grey,1,"KSh4,943,000",4111000,#ERROR,"KSh 111,000",128000,Loan,paid,DELIVERED,4.7/5,7,Returned,4955140
LCL1112,,03/06/2026,James Chebet,car dealer,33,NYANZA,kisumu,KISUMU,kisumu yard,Mercy  Atieno,FACEBOOK,Mitsubish,Pajero,suv,2019,Petrol,AT,White,1,"KES 5,268,000","4,117,000",10%,52000,"KES 73,000",Cash,Paid,delivered,3.9 out of 5,8,Returned,"KSh 4,793,200"
ORD1113,45667,01/04/2025,Kevin Kariuki,Ngo,44,Coast,Mombasa,Mombasa,Mombasa Port Yard,Faith Achieng,Facebook,Toyota,Corolla ,Saloon,2015,PMS,Automatic,White,one,"KSh1,691,000",1452000,Disc,"169,000",error,Asset Financing,Completed,Delivered,2.1,33,Not Returned,1.78M
ord1114,19-Oct-25,15/11/2025,Hassan Mwangi,Government,23,Rift-Valley,eldoret,ELDORET,Eldoret,Kevin,Website,Mazda,Atenza,SEDAN,2023,Petrol,auto,Blue,5,2565000,2330000,,0.17M,"KSh191,000",BANK TRANSFER,Awaiting payment,Transit,4.3 out of 5,2,Returned,"KES 14,282,500"
ord1115,03/13/2026,09/04/2026,joy chebet,Car Dealer,121,Nairobi,Nairobi,nairobi,Nairobi Yard,Brian Otieno,web,Toyota,Hiace,Van,2025,PMS,Automatic,Blue,1,"KES 5,377,000","KSh4,429,000",0%,"73,000","KSh 116,000",Bankers Cheque,Completed,At the Yard,4,4,Not Returned,"KES 5,450,000"
LCL-1116,16/03/2026,09/04/2026,AISHA WAFULA,National Govt,45,Rift Valley,Nakuru,Nakuru,Nakuru Yard,aisha mohamed,Phone Call,toyota,Fielder,Wagon,2025,Petrol,Automatic,Grey,1,"KSh1,876,000",1669000,0,"KES 86,000",119000,cash,Awaiting Payment,Delivered,4.7/5,10,Not Returned,"KSh 1,962,000"
LC1117,08/24/2025,45894,Mary Nyambura,Corporate,30,Rift Valley,Uasin Gishu,Eldoret,Eldoret Yard,Daniel Kimani,PHONE,Toyota,Harrier,SUV,2024,Hybrid,Automatic,White,1,"KSh 4,205,000","KES 3,246,000",0%,0.1M,"140,000",Asset Financing,Completed,In Transit,4.1,19,Not Returned,"KSh 4,307,000"
LCL-1118,"Dec 01, 2025",13/12/2025,Grace Otieno,County govt,45,Central,Kiambu,Thika,Thika Yard,Kevin Mwangi,REFERRAL,SUBARU,outback,Wagon,2015,GASOLINE,A/T,Grey,1,"KES 4,018,000",3654000,12%,67000,"KES 99,000",Cash,Completed,At the Yard,2.9,32,Not Returned,3602840
ord1119,06/13/2026,46196,LINDA OMONDI,NGO,37,Central,KIAMBU,Thika,Thika Yard,daniel kimani,Face book,TOYOTA,Lc200,SUV,2022,Diesel,Automatic,green,1,12281000,10.91M,15%,"KSh 120,000",128000,Asset Finance,Paid,in transit,2.3,1,Returned,10558850
ORD1120,"Jun 03, 2026",46197,Victor Mwangi,Ngo,50,Central,Kiambu,Thika,Thika Yard,GRACE NJERI,REFERRAL,Mazda,Demio,Hatchback,2016,Diesel,Automatic,Green,1,1320000,1159000,No Discount,0.09M,108000,M Pesa,Completed,Cancelled,3.6,37,Not Returned,1252600
LCL-1121,15-Oct-25,45975,James Mohamed,National Govt,0,Coast,Mombasa,Mombasa,Mombasa Port Yard,Aisha Mohamed,INSTAGRAM,Nissan,XTrail,SUV,2016,Gasoline,A/T,Grey,2,"KES 3,019,000",2414000,No Discount,40000,63000,M Pesa,Partially Paid,Delayed,3.5,14,Not Returned,"KSh 4,655,070"
ORD1122,31-Jul-25,04-Aug-25,FAITH MUTHONI,corporate,42,Central,Kiambu,Thika,Thika Yard,BRIAN,Walkin,Isuzu,N-Series,Truck,2016,Petrol,Manual,Green,1,"KSh 4,916,000","KSh 4,095,000",3,132000,"KSh141,000",M Pesa,Completed,Delivered,3.7,28,,4900520
ord1123,08-Mar-26,04/04/2026,Kevin Mutua,corporate,50,Nyanza,Kisumu,Kisumu,Kisumu Yard,Aisha  Mohamed,Walk-in,Toyota,Hiace,Van,2026,Hybrid,M/T,White,1,"KSh5,054,000",4030000,5%,177000,"KSh 133,000",Bankers Cheque,Partially Paid,In Transit,2.1,3,Not Returned,4978300
ORD1124,46089,46098,James Kariuki,Ngo,67,Central,Kiambu,Thika,Thika Yard,Samuel Mutua,REFERRAL,Mitsubishi,Canter,Truck,2020,Hybrid,Automatic,White,1,"3,544,000","KSh 3,151,000",3%,0.13M,#VALUE!,Bank transfer,Awaiting Payment,Delivered,2.5,5,Not Returned,3565680
CAR1125,45913,45929,,Car Dealer,49,Nyanza,Kisumu,Kisumu,Kisumu Yard,Daniel Kimani,Face book,Toyota,Harrier,SUV,2023,Petrol,Automatic,Pearl,1,"KSh4,807,000","KSh 4,189,000",12,"KSh 105,000",121000,Asset Financing,Awaiting Payment,Delivered,4.4,1,Not Returned,4335160
CAR1086,04/08/2026,,Mercy Mugambi,Ngo,53,Rift Valley,Uasin Gishu,Eldoret,Eldoret Yard,Mary Wanjiku,Instagram,Mazda,CX5,SUV,2024,Petrol,A/T,Blue,1,3422000,"KSh 2,880,000",0%,"99,000",missing,Cash,Completed,At the Yard,3.1,28,Not Returned,3521000
-,23-Feb-25,02-May-25,NULL,Government,33,Mt Kenya,Kiambu,Thika,Thika Yard,FAITH ACHIENG,Website,TOYOTA,HARRIER,SUV,2016,Hybrid,auto,Pearl,3,4183000,"KSh3,678,000",15,"50,000",86000,Cash,partial,Cancelled,5,-,Returned,"10,716,650"
LCL-1128,03-Apr-25,12/04/2025,Joseph Achieng,Car Dealer,47,Rift Valley,Uasin Gishu,Eldoret,Eldoret Yard,Mary  Wanjiku,Phone,Toyota,Hiace,Van,2019,Hybrid,A/T,Black,2,5366000,4418000,12 percent,"KSh 123,000",168000,Asset Financing,Cancelled,Cancelled,4.7,16,Not Returned,"9,567,160"
LCL-1129,28-Feb-26,46091,Victor Mwangi,National Govt,25,Coast,Mombasa,Mombasa,Mombasa Port Yard,kevin mwangi,Instagram,HONDAA,CRV,SUV,2025,Petrol,Automatic,Red,2,3.85M,3034000,2%,"KSh 125,000",142000,Cash,Completed,Delayed,4.5,13,Not Returned,3832560
ord1130,46049,30/01/2026,Faith Kiptoo,Ngo,unknown,Rift Valley,Uasin Gishu,Eldoret,Eldoret Yard,mercy  atieno,website,Mitsubishi,outlander,SUV,2018,Hybrid,Automatic,Silver,1,3103000,2500000,0 percent,"KES 85,000","KSh 133,000",M Pesa,Completed,In Transit,4.3,8,Not Returned,"KSh 2,869,200"
CAR1131,N/A,45847,Victor Kiptoo,Non Profit,58,Rift Valley,uasin gishu,eldoret,Eldoret Yard,mercy atieno,corporate tender,Mitshubishi,Out lander,SUV,2016,DIESEL,A/T,Red,1,2971000,2589000,12%,"KSh 146,000",not available,RTGS,Paid,delivered,3.1,0,Returned,"KSh2,760,480"
ord1132,29/07/2025,31/02/2026,MARY MUGAMBI,Corporate,27,Western,Kakamega,Kakamega,Kakamega Yard,FAITH ACHIENG,fb,Nisan,Juke,Crossover,2023,Diesel,Automatic,White,1,"1,861,000",1483000,3%,140000,166000,M Pesa,Completed,In Transit,4.9,11,Not Returned,1945170
ORD1133,24/04/2026,05/11/2026,JOHN KARIUKI,Ngo,66,Rift Valley,Nakuru,Nakuru,Nakuru Yard,AISHA  MOHAMED,Whatsapp,toyta,Land Cruiser,SUV,2026,Hybrid,Automatic,Pearl,4,6468000,"KES 5,806,000",5%,0.02M,"KSh47,000",Asset Financing,Completed,Delivered,4.2,35,Not Returned,49194800
CAR1134,17/05/2025,N/A,Grace Nyambura,National Govt,44,Central,Kiambu,Thika,Thika Yard,Mary Wanjiku,Phone Call,MAZDA,AXELA,Sedan,2021,Diesel,Automatic,Black,3,"1,621,000","KSh 1,329,000",0.12,138000,"KES 122,000",Asset Financing,Completed,Delivered,2.7,36,Not Returned,"KES 4,417,440"
LCL1135,23/02/2025,45722,Brian Achieng,Ngo,29,Rift Valley,Nakuru,Nakuru,Nakuru Yard,Peter  Kiptoo,Referral,Toyota,Corolla ,Sedan,2026,Petrol,Automatic,Green,1,"KSh 2,059,000","KSh 1,595,000",15%,68000,54000,Bank transfer,Completed,In Transit,3.9,41,Not Returned,#VALUE!
LCL-1136,19/06/2026,"Jul 11, 2026",Samuel Ochieng,National Govt,62,Rift Valley,Nakuru,Nakuru,Nakuru Yard,samuel mutua,Walkin,toyota,Harrier,SUV,2022,Diesel,Automatic,Silver,1,4862000,error,12 percent,125000,0.16M,cash,Partially Paid,In Transit,3.6,1,Not Returned,"KES 4,403,560"
LC1137,14/05/2025,03/06/2025,VICTOR MAINA,PERSON,35,RIFT VALLEY,nakuru,Nakuru,Nakuru Yard,mercy atieno,WhatsApp,TOYOTA,hillux,Pickup,2018,Petrol,AT,blue,1,5032000,"4,477,000",50%,KSh0,222000,Cheque,Paid,Delivered,3.4,25,Returned,2684000
ord1138,45806,23/06/2025,John Mwangi,CORPORATE,31,Coast,Mombasa,Mombasa,Mombasa Port Yard,faith achieng,Website,Mazda,CX5,SUV,2016,Diesel,A/T,Blue,1,3656000,"3,320,000",0.15,"91,000","KSh 122,000",Bankers Cheque,Completed,In Transit,4.7,9,Not Returned,3.2M
LCL1139,26-Oct-25,,Mary Omondi,Car Dealer,32,Nyanza,Kisumu,Kisumu,Kisumu Yard,Kevin Mwangi,CORPORATE TENDER,Isuzu,N-Series,Truck,2021,Diesel,Automatic,Grey,1,"5,385,000","KSh 4,889,000",5,84000,100000,Cash,Completed,At the Yard,4.1,37,Not Returned,5199750
LCL-1140,09/08/2025,45905,Grace Maina,National Govt,24,Western,Kakamega,Kakamega,Kakamega Yard,Kev1n Mwangi,INSTAGRAM,Honda,Fit,Hatchback,2020,Gasoline,Automatic,Green,2,-,"KSh 1,126,000",10 percent,"KSh 116,000",0.18M,Bank transfer,Completed,Delivered,2.2,,Not Returned,"KSh 2,411,000"
ORD1141,27/02/2025,18/03/2025,John Nyambura,corporate,29,Central,Kiambu,Thika,Thika Yard,BRIAN OTIENO,instagram,bmw,BMW X5,SUV,1899,Diesel,Automatic,Blue,1,"KSh 10,434,000","KSh 8,082,000",7%,150000,178000,cash,Awaiting Payment,Delivered,4.8,26,Not Returned,"9,853,620"
ord1142,06/06/2026,10/06/2026,Grace Achieng,Ngo,37,Rift Valley,Uasin Gishu,Eldoret,Eldoret Yard,faith achieng,Facebook,Toyota Kenya,Land Cruiser,SUV,2021,Petrol,Automatic,Blue,2,"KSh 7,763,000","KSh 6,904,000",5%,121000,176000,Bankers Cheque,Completed,Delivered,2.1,41,Not Returned,"KSh14,870,700"
LCL1143,45758,06/05/2025,Joseph Mwangi,NGO,50,Central,KIAMBU,THIKA,Thika Yard,Mercy Atieno,walk-in,Toyota Kenya,AXIO,Sedan,2017,HYBRID,auto,blue,1,1651000,"KSh 1,489,000",12%,90000,114000,M-Pesa,Partially Paid,completed,3.8 out of 5,32,Returned,"KSh 1,542,880"
ord1144,08/23/2025,,Linda Achieng,County govt,22,,Kiambu,Thika,Thika Yard,Kevin Mwangi,Facebook,Subaru,Forester,SUV,,PMS,,,1,"KSh 3,507,000",2876000,12%,"KSh 120,000",98000,CASH,Completed,Delivered,2.6,26,Not Returned,"KSh 3,206,160"
ord1145,#DATE!,01-Dec-25,Mercy Mutua,Ngo,59,Central,Kiambu,Thika,Thika Yard,Aisha,PHONE CALL,Mercedes-Benz,C200,Sedan,2019,Hybrid,Automatic,Green,1,"4,952,000",error,0,"KES 167,000",157000,Cash,Completed,Delivered,4,13,Not Returned,not available
LCL-1146,25-Jul-25,04/08/2025,James Omondi,CORPORATE,64,Western,Kakamega,Kakamega,Kakamega Yard,Samuel Mutua,referral,Toyota,Corolla ,Sedan,2017,Petrol,Manual,Black,8,not available,"KES 1,533,000",15%,47000,35000,Bankers Cheque,Awaiting Payment,At the Yard,2.9,27,Not Returned,"KSh 13,035,000"
LCL-1147,46073,46080,John Njeri,Individual,50,Nyanza,Kisumu,Kisumu,Kisumu Yard,MERCY ATIENO,walk in,MITSUBISH,Pajero,SUV,2018,Petrol,Manual,Black,1,"KSh 5,101,000",4424000,20,80000,"KES 124,000",Cash,Awaiting Payment,Cancelled,3.5,34,Not Returned,4160800
LC1148,07/08/2025,11/08/2025,Victor Mwangi,INDIVIDUAL,50,Eastern,Machakos,Mlolongo,Athi River Yard,Brian Otieno,phonecall,Toyota,Corrola,SEDAN,,Hybrid,Automatic,WHITE,1,"1,848,000",1479000,7,"KES 98,000","KSh 127,000",asset finance,PAID,At Yard,-,25,Returned,1998304
LC1149,03/10/2026,46089,Faith Mwangi,National Govt,26,Rift Valley,Uasin Gishu,Eldoret,Eldoret Yard,Faith  Achieng,Call,MAZDA,Axela,Sedan,2026,Hybrid,Automatic,Silver,2,2014000,"KSh 1,573,000",7%,"KSh 60,000",0.05M,Bankers Cheque,Cancelled,Cancelled,,12,Not Returned,KES 0
LC1150,45736,45764,John Otieno,Ngo,64,Rift Valley,Nakuru,Nakuru,Nakuru Yard,Grace Njeri,Facebook,Mitsubishi,Pajero,SUV,N/A,Hybrid,Automatic,Pearl,1,5553000,"KSh 4,970,000",5%,"84,000",99000,Bank transfer,Refunded,Delivered,2.6,10,,5359350
ord1151,,45862,Winnie Njeri,Car Dealer,63,Eastern,Machakos,Athi River,Athi River Yard,Aisha Mohamed,Face book,mitsubishi,Canter,Truck,2016,Petrol,Automatic,Green,1,4338000,3534000,15 percent,119000,"KSh 130,000",Bank transfer,Cancelled,Cancelled,3.5,37,Not Returned,KSh 0
LCL-1152,"Aug 21, 2025",30/08/2025,Mary Mohamed,Dealer,53,EASTERN,Machakos,Athi River,Athi River yard,Peter Kiptoo,Walk In,HONDA,Vezel,Crossover,1899,Electric,Manual,White,1,"KES 2,601,000",2.35M,5,68000,"KES 103,000",Bank Transfer,Pending,Delivered,2.8 out of 5,32,Returned,"KSh2,538,950"
LCL1153,30/04/2025,13/05/2025,Victor Maina,Car Dealer,63,Central,Kiambu,Thika,Thika Yard,Aisha Mohamed,Referral,Subaru,impreza,Sedan,2024,Diesel,Automatic,Green,4,"KSh 2,023,000",1653000,7%,20000,29000,Asset Financing,Completed,Delivered,3.8,38,Not Returned,7545559
CAR1154,,31/02/2026,Faith Mwangi,Ngo,61,Rift Valley,Uasin Gishu,Eldoret,Eldoret Yard,Daniel Kimani,whatsapp,honda,Vezel,Crossover,2024,Petrol,Automatic,White,1,2642000,"KSh 2,349,000",0%,94000,not available,Bank transfer,Completed,Cancelled,2.2,12,Not Returned,2736000
ord1155,"Mar 28, 2025","Apr 16, 2025",john mutua,corp,68,RIFT VALLEY,NAKURU,Nakuru,Nakuru Yard,SAMUEL MUTUA,Website,mitsubishi,Canter,Truck,2025,PETROL,A/T,Black,1,"KSh 3,561,000","KSh3,218,000",10%,"KSh 164,000","KSh 233,000",Bankers Cheque,cancelled,Delivered,2.8 out of 5,25,Returned,"KSh -3,368,900"
ORD1156,45821,16/06/2025,James Wafula,Individual,0,Coast,Mombasa,Mombasa,Mombasa Port Yard,mary wanjiku,Call,NISSAN,juke,Crossover,2021,Petrol,Automatic,White,1,missing,1592000,0.1,163000,"KSh 150,000",Bankers Cheque,Partially Paid,Delivered,5,27,Not Returned,1757800
LCL-1157,"Aug 20, 2025",45900,Carol Ochieng,Ngo,51,Rift Valley,Nakuru,Nakuru,Nakuru Yard,GRACE NJERI,whatsapp,Mitsubishi,Pajero,SUV,2023,Hybrid,Automatic,Black,,4579000,"KES 3,919,000",0.05,"KSh138,000","KSh189,000",Bank transfer,Partially Paid,Delivered,2.6,4,Not Returned,"KSh 4,936,855"
LC1158,45882,45884,Mary Mohamed,Corporate,61,Nyanza,Kisumu,Kisumu,Kisumu Yard,Grace Njer1,instagram,TOYOTA,Prado Tx,SUV,2015,Gasoline,Automatic,White,1,"KSh 6,845,000","KSh 5,632,000",0.1,"KSh178,000","KSh148,000",Wire Transfer,Completed,Cancelled,2.8,32,Not Returned,"6,338,500"
LCL-1159,21/01/2025,45693,Grace Chebet,Car Dealer,54,Coast,Mombasa,Mombasa,Mombasa Port Yard,Aisha Mohamed,Corporate Tender,Toyota,Prado Tx,SUV,2015,Petrol,Automatic,White,1,"KSh 7,473,000","KSh 6,501,000",7%,"KES 70,000",129000,Bankers Cheque,Completed,Delivered,,35,Not Returned,7019890
CAR1160,01/08/2025,45898,Joseph Maina,Person,31,RIFT VALLEY,Uasin Gishu,eldoret,Eldoret Yard,Mary Wanj1ku,referal,Totoya,harrier,SUV,2023,Gasoline,automatic,Blue,2,4117000,"3,198,000",0.1,69000,"KSh 67,000",Cash,complete,Transit,2.8,37,Returned,"KSh -7,479,600"
ord1161,11/10/2025,N/A,Peter Maina,Individual,41,Rift Valley,Nakuru,Nakuru,Nakuru Yard,Dan1el Kimani,facebook,Toyota Kenya,Corolla ,Saloon,2017,Hybrid,Manual,White,1,"KSh 2,147,000","1,830,000",7%,"KSh88,000","KSh 69,000",Asset Financing,Cancelled,Cancelled,2.8,41,Not Returned,2084709
LCL-1162,45832,15-Jul-25,PETER WANJIKU,Ngo,-5,Western,Kakamega,Kakamega,Kakamega Yard,Mercy At1eno,Website,subaru,Forester,SUV,2024,Hybrid,Automatic,Black,1,3391000,"KSh2,814,000",25%,"KSh 38,000",85000,Cash,Awaiting Payment,Delivered,2.5,32,Not Returned,"KSh2,581,250"
ord1163,28-Oct-25,46069,Winnie Muthoni,Dealer,45,Western,Kakamega,Kakamega,Kakamega yard,grace njeri,CORPORATE TENDER,Honda motors,vezel,Crossover,2015,Diesel,auto,WHI,1,2.99M,"KES 2,670,000",5%,0.03M,42000,Cheque,Paid,IN-TRANSIT,4.3,2,Returned,"KES 2,869,300"
LCL1164,15-Mar-26,"Apr 02, 2026",James Kiptoo,Individual,48,Eastern,Machakos,Athi River,Athi River Yard,Aisha Mohamed,Phone Call,Volkswagen,Golf,Hatchback,Twenty Twenty,Electric,Automatic,Silver,1,"KSh 2,444,000","1,994,000",7%,"KES 16,000","KSh 23,000",Bankers Cheque,Unpaid,Delivered,4.8,34,Not Returned,2288920
LCL1165,45815,45834,Naomi Mutua,Individual,62,Central,Kiambu,Thika,Thika Yard,Faith,WATSAPP,ISZU,N-SERIES,Truck,202A,Hybrid,A/T,Black,3 cars,5165000,4392000,5%,170000,151000,M Pesa,Awaiting Payment,In Transit,4.9,38,,5076750
ord1166,09/11/2025,26/09/2025,Grace Kimani,Ngo,32,Central,Kiambu,Thika,Thika Yard,kevin  mwangi,instagram,Toyota,Harrier,SUV,,Hybrid,Manual,Pearl,1,"KES 5,067,000",4499000,5 percent,168000,"KSh 150,000",Bankers Cheque,Awaiting Payment,Delivered,4.7,33,,4981650
LCL-1167,April 31 2026,03/17/2025,Carol Ochieng,NGO,35,Western,kakamega,Kakamega,KAKAMEGA YARD,Brian Otieno,phone,Toyta,Axio,sedan,2021,hybrid/petrol,a/t,Green,1,missing,1581000,10 percent,"KSh97,000","KSh 157,000",wire,PAID,held,2.5 out of 5,24,Returned,1767400
N/A,13/02/2026,15/03/2026,John Mugambi,Corporate,61,Western,Kakamega,Kakamega,Kakamega Yard,GRACE NJERI,refferal,toyota,Corolla ,Sedan,2023,Diesel,Automatic,Green,1,"KES 2,021,000","KSh 1,804,000",12%,100000,missing,Asset Financing,Completed,Delivered,4.2,23,Not Returned,"KSh1,878,480"
CAR1169,"Dec 21, 2025",04-Jan-26,faith wafula,National Govt,45,Western,Kakamega,Kakamega,Kakamega Yard,brian otieno,referral,Nissan,Juke,Crossover,2025,Electric,Manual,Blue,1,2200000,"KSh 1,798,000",0%,"KSh 130,000",127000,Bankers Cheque,Awaiting Payment,Delivered,4.6,28,Not Returned,missing
LCL-1170,46183,06/12/2026,Aisha Mohamed,ngo,38,nrb,nairobi county,NAIROBI,Nairobi HQ,faith achieng,instagram,Totoya,Corolla,Sedan,2025,Hybrid,Automatic,White,1,"KES 2,004,000","KSh 1,785,000",12%,0.14M,155000,M pesa,Refunded,At the yard,2.0 out of 5,12,Returned,KSh 0
CAR1171,46169,06/01/2026,Peter Ochieng,National Govt,47,Coast,Mombasa,Mombasa,Mombasa Port Yard,Samuel Mutua,Instagram,Subaru,Forester,SUV,2017,Diesel,Automatic,Silver,3,"KSh 3,187,000","2,661,000",2%,"KSh 34,000","KSh 44,000",CASH,Partially Paid,Delivered,3.1,24,,"KES 9,403,780"
LCL-1172,31/02/2026,46122,aisha kariuki,Corporate,thirty,Eastern,Machakos,Athi River,Athi River Yard,Faith Achieng,REFERRAL,Mitsubishi,Canter,Truck,2026,Petrol,Automatic,White,3 cars,3956000,3277000,2%,168000,185000,Cash,Partially Paid,Delivered,3.3,37,Not Returned,4044880
LCL-1173,,17/05/2026,Joy Chebet,Company,22,Nyanza region,KISUMU,Kisumu,Kisumu branch,Brian Otieno,Referral,Honda,fit,hatchback,2018,Petrol,AUTO,Red,5,"KSh 1,275,000",1105000,NULL,42000,"KSh 58,000",M pesa,partially paid,Delivered,3.5,8,Returned,"KSh5,779,500"
ord1174,03/29/2025,45764,Joseph Kimani,Ngo,43,Nairobi,Nairobi,Nairobi,Nairobi Yard,Mercy  Atieno,Corporate Tender,toyota,Fielder,Wagon,2018,Petrol,Automatic,Red,1,1.89M,1.7M,10 percent,36000,"57,000",Asset Financing,Completed,Cancelled,2.4,41,Not Returned,"KSh 1,732,500"
ORD1175,45933,45952,Winnie Kiptoo,Individual,56,Eastern,Machakos,Athi River,Athi River Yard,Samuel Mutua,Facebook,Totoya,Corolla ,Sedan,1899,Electric,Automatic,Red,1,2015000,1676000,15%,"KSh 82,000","KES 96,000",Bankers Cheque,Completed,Delivered,2.4,12,Not Returned,1794750
CAR1176,46011,30/12/2025,James Wafula,Corporate,N/A,Eastern,Machakos,Athi River,Athi River Yard,mary wanjiku,Instagram,Mazda,AXELA,Sedan,2024,Hybrid,Automatic,White,1,1899000,1.52M,ten percent,not available,52000,M Pesa,Cancelled,Cancelled,3.4,16,Not Returned,"KSh1,935,020"
CAR1177,,09/17/2025,Unknown,Car Dealer,60,Western,Kakamega,Kakamega,Kakamega Yard,brian otieno,Instagram,totoya,Hiace,Van,2025,Hybrid,Manual,Grey,1,"KSh5,612,000","KSh4,319,000",7%,-67000,"82,000",M Pesa,Completed,At the Yard,,35,Not Returned,"KSh 5,286,160"
LCL1178,18-Nov-25,-,Carol Achieng,National Govt,66,Rift Valley,Uasin Gishu,Eldoret,Eldoret Yard,MARY WANJIKU,Instagram,VOLKSWAGEN,Tiguan,SUV,2017,Petrol,Automatic,Silver,,"KSh 4,834,000",4.07M,15 percent,"KSh 46,000",52000,Cash,Completed,Delivered,4.7/5,9,Not Returned,"KES 20,590,500"
LCL-1179,10/03/2026,04/04/2026,John Kiptoo,Corporate,25,Rift Valley,Nakuru,Nakuru,Nakuru Yard,SAMUEL MUTUA,REFERRAL,nissan,XTrail,SUV,2020,Petrol,M/T,Green,1,3164000,"KSh2,506,000",10%,33000,0.06M,M Pesa,Completed,In Transit,4,17,Not Returned,2880600
LCL-1180,18/02/2026,27/02/2026,Kevin Muthoni,CORPORATE,39,Central,Kiambu,Thika,Thika Yard,Faith Achieng,Referral,totoya,Prado Tx,SUV,2025,Diesel,Automatic,Pearl,1,"KES 7,979,000","KSh 6,677,000",10 percent,"KSh 60,000",62000,Bank transfer,Completed,Delivered,2.5,0,Not Returned,"KES 7,241,100"
N/A,03/04/2026,10/04/2026,John Kiptoo,Government,42,westen,kakamega,Kakamega,KAKAMEGA YARD,peter kiptoo,Instagram,totoya,lc200,SUV,2017,Diesel,Automatic,Black,1,"KSh 12,156,000","KSh 10,364,000",5%,179000,152000,Asset financing,unpaid,Delivered,4.4 out of 5,38,Returned,"KES 11,727,200"
ord1182,04/01/2026,18-Jan-26,John Kariuki,National Govt,23,Central,Kiambu,Thika,Thika Yard,brian otieno,phone call,subaru,outback,Wagon,2020,Hybrid,Automatic,Grey,1,4175000,"KES 3,574,000",10%,"KES 109,000",not available,M Pesa,Partially Paid,Delayed,4.7,13,Not Returned,"KSh 3,866,500"
CAR1183,12/04/2026,05/09/2026,Linda Mwangi,National Govt,45,Rift Valley,Uasin Gishu,Eldoret,Eldoret Yard,Aisha Mohamed,facebook,Honda,Fit,Hatchback,2024,Hybrid,Automatic,Pearl,1,1484000,"KES 1,170,000",5%,"KSh 45,000","KES 76,000",Bank transfer,Completed,Delivered,4.6,30,Not Returned,"KSh1,454,800"
N/A,14/02/2026,N/A,Mercy Kariuki,Individual,47,Nairobii,NRB,Embakasi,Nairobi HQ,grace njeri,Instagram,Mitsubishi,Canterr,truck,2025,Gasoline,Automatic,Silver,1,"3,661,000",3247000,7 percent,0.14M,"KSh 159,000",ASSET FINANCE,PENDING,At yard,3.9 out of 5,26,Returned,3540730
LCL-1185,45937,13-Oct-25,Victor Ochieng,Car Dealer,60,Western,Kakamega,Kakamega,Kakamega Yard,Faith  Achieng,Website,HONDA,Vezel,Crossover,2021,Diesel,Automatic,White,4,2635000,"KES 2,265,000",NULL,"KSh74,000",111000,Asset Financing,Completed,Delivered,3.8,11,Not Returned,"KSh 9,033,000"
LCL1186,06/05/2026,25/05/2026,aisha mugambi,Individual,25,Rift Valley,Uasin Gishu,Eldoret,Eldoret Yard,Mary Wanjiku,WHATSAPP,honda,Fit,Hatchback,2023,Petrol,Automatic,Silver,1,1343000,1126000,3%,64000,"KSh61,000",Wire Transfer,Partially Paid,Delivered,2.3,31,Not Returned,"KSh 1,366,710"
ORD1187,01/09/2025,09/11/2025,Kevin Otieno,National Govt,26,Nairobi,Nairobi,Nairobi,Nairobi Yard,FAITH ACHIENG,corporate,Mercedes-Benz,C200,Sedan,2021,Diesel,Automatic,White,1,5.62M,"KES 4,789,000",0.03,"32,000",error,M Pesa,Cancelled,In Transit,3.7,10,Not Returned,0
LC1188,01/02/2025,05-Jan-25,Peter Maina,NGO,52,EASTERN,Machakos,Mlolongo,Athi River Yard,DANIEL KIMANI,INSTAGRAM,subaru,Outback,Wagon,2024,Petrol,AUTO,white,1,"KSh3,558,000",3082000,7%,156000,233000,Bank Transfer,paid,In Transit,4.8 out of 5,N/A,Returned,"KES 3,464,940"
LCL-1189,46019,22/01/2026,Hassan Omondi,Car Dealer,55,Central,Kiambu,Thika,Thika Yard,DANIEL  KIMANI,refferal,nissan,Navara,Pickup,2023,Petrol,Automatic,Green,1,4661000,3891000,7 percent,18000,"KSh32,000",Asset Financing,Partially Paid,In Transit,3,33,Not Returned,4.35M
LCL-1190,27/11/2025,"Dec 19, 2025",Grace Otieno,person,58,Rift Valley,nakuru,Nakuru,NAKURU YARD,Grace Njeri,Corporate Tender,Honda,Fit,HATCHBACK,2026,Petrol,A/T,Green,1,"KSh 1,458,000","KSh 1,277,000",5 percent,"142,000","KSh 223,000",BANK TRANSFER,CANCELLED,Canceled,-1,21,Returned,0
-,11/01/2025,"Jan 17, 2025",Kevin Nyambura,Individual,23,Rift Valley,Uasin Gishu,Eldoret,Eldoret Yard,Peter Kiptoo,phone call,toyota,Prado Tx,SUV,2017,Diesel,Manual,Black,1,6874000,5817000,-10%,"KES 86,000",97000,Bankers Cheque,Completed,Delivered,4.2,28,Not Returned,"KSh 7,647,400"
LC1192,"Apr 06, 2025",18/04/2025,Mercy Kariuki,Car Dealer,50,Central,Kiambu,Thika,Thika Yard,Grace Njeri,web,Toyota,Land Cruiser,SUV,202A,Petrol,Manual,Grey,1,122420000,9382000,unknown,0.17M,not available,M Pesa,Partially Paid,Delivered,3.6,15,Not Returned,-2283399
LCL1193,"Jan 13, 2026",46064,Kevin Nyambura,National Govt,68,Rift Valley,Uasin Gishu,Eldoret,Eldoret Yard,aisha mohamed,whatsapp,Totoya,Prado Tx,SUV,2019,Hybrid,A/T,Blue,3,not available,"KSh 5,640,000",0.05,42000,"KES 72,000",Bank transfer,Partially Paid,At the Yard,2.1,,Not Returned,"KSh18,532,800"
ord1194,07/10/2025,31/02/2026,Kevin Njeri,Individual,53,Coast,Mombasa,Mombasa,Mombasa Port Yard,PETER  KIPTOO,Whats App,Toyota,Harrier,SUV,2022,Petrol,Automatic,Red,1,"KSh 4,615,000","KSh4,036,000",10%,KSh 0,180000,Bankers Cheque,Completed,Delivered,5,4,Not Returned,4306500
LCL1195,05/01/2025,01/13/2025,james mutua,Car Dealer,37,Western,Kakamega,Kakamega,Kakamega Yard,Mercy Atieno,refferal,Mazda,CX5,SUV,2018,Petrol,Automatic,Black,8,"3,866,000",3251000,0.2,41000,0.06M,Bank transfer,Partially Paid,Cancelled,2.7,6,Not Returned,24.78M
,17-Nov-25,11/21/2025,Joy Mugambi,Company,60,Rift Valley,Nakuru,Nakuru,Nakuru Yard,samuel mutua,refferal,Nissan,Juke,Crossover,2021,PMS,A/T,Silver,7,1.95M,1692000,10%,145000,"KSh 222,000",M Pesa,Refunded,At the Yard,2.5,15,Not Returned,#VALUE!
CAR1197,04/28/2025,05/25/2025,N/A,Individual,29,Western,Kakamega,Kakamega,Kakamega Yard,Dan1el Kimani,referral,Mazada,CX5,SUV,2019,Petrol,Automatic,Blue,4,"KES 3,551,000","KSh2,814,000",No Discount,not available,"KES 101,000",Wire Transfer,Awaiting Payment,At the Yard,4.6,33,Not Returned,11476200
LC1198,45957,N/A,Hassan Mwangi,Individual,57,Nairobi,Nairobi,nairobi,Nairobi Yard,faith achieng,Instagram,Honda,Vezel,Crossover,2026,Petrol,Automatic,Grey,1,3028000,"KSh 2,401,000",120%,"23,000",60000,M Pesa,Cancelled,Cancelled,2.7,0,Not Returned,missing
LC1199,45977,45989,Daniel Kariuki,Car Dealer,46,Western,Kakamega,Kakamega,Kakamega Yard,Mercy  Atieno,corporate tender,Toyta,Fielder,Wagon,2017,Petrol,Automatic,Pearl,4,1738000,1429000,NULL,0.18M,252000,Bankers Cheque,Completed,Delivered,3.1,0,Not Returned,6644360
LC1200,April 31 2026,N/A,Peter Ochieng,Corporate,27,Nyanza,Kisumu,Kisumu,Kisumu Yard,Samuel Mutua,walk in,Mazda,Atenza,Sedan,2015,Diesel,Manual,Grey,5,"KSh 2,660,000","KSh2,241,000",5%,"KSh141,000","KSh 137,000",Wire Transfer,Partially Paid,At the Yard,3.2,36,Not Returned,12776000
ord1201,,24-Feb-26,Brian Wanjiku,Ngo,58,Central,Kiambu,Thika,Thika Yard,Mary,Instagram,Toyota Kenya,Land Cruiser,SUV,2018,gasoline,Automatic,Green,1,14682000,"KES 11,987,000",0.12,#VALUE!,"KSh151,000",Wire Transfer,Completed,Cancelled,2.8,3,Not Returned,"KSh 6,509,080"
N/A,21-Mar-26,09/04/2026,Brian Ochieng,Retail,58,Nairobi,Nairobi,NAIROBI,Nairobi Yard,FAITH ACHIENG,corporate,Honda,Vezel,Crossover,2021,Diesel,Automatic,Black,2,"KSh 2,430,000",2087000,Disc,106000,75000,M Pesa,Cancelled,Cancelled,2.7,39,Not Returned,"KSh 4,382,800"
LCL1203,46069,17/03/2026,Aisha Mohamed,CORPORATE,27,Nairobi,Nairobi,NAIROBI,Nairobi Yard,AISHA MOHAMED,corp tender,Toyta,hilux,Pickup,2020,Diesel,Automatic,Pearl,3,"KES 5,527,000","KSh -4,841,000",12 percent,138000,159000,Cash,Completed,In Transit,5,13,Not Returned,"16,202,208"
LCL1204,26/05/2025,45827,Mary Kiptoo,CORPORATE,55,Central,Kiambu,Thika,Thika Yard,Mercy At1eno,insta,isuzu,D-Max,Pickup,2015,Petrol,Automatic,Red,1,"4,230,000","KSh3,526,000",3%,130000,181000,Bankers Cheque,Completed,Delivered,4.2,32,Not Returned,"KSh 4,233,100"
CAR1205,05/04/2026,07/04/2026,james maina,corporate,25,Rift Valley,Nakuru,Nakuru,Nakuru Yard,Faith  Achieng,Facebook,HONDA,Fit,Hatchback,2015,Petrol,Manual,Blue,1,"KES 1,275,000",-,0.02,160000,#VALUE!,Bank transfer,Completed,Delivered,2.4,41,Not Returned,"KSh 1,409,500"
LC1206,03/09/2025,"Sep 26, 2025",Faith Maina,Individual,42,eastrn,Machakos,ATHI RIVER,Athi River Yard,Grace Njeri,Referral,HONDA,vezel,Crossover,2017,petrol,automatic,Blue,1,"KSh 3,042,000",2319000,,"166,000","KSh 211,000",M-Pesa,PAID,DELIVERED,3,16,Returned,"KES 3,208,000"
CAR1207,17-Jan-26,08-Feb-26,Mary Mutua,GOVERNMENT,27,Nyanza,Kisumu,Kisumu,KISUMU YARD,BRIAN OTIENO,CORPORATE TENDER,Isuzu,Dmax,Pickup,2023,petrol,Automatic,Pearl,4,"KES 4,625,000","KSh 3,590,000",5%,"134,000",182000,Cheque,Paid,DELIVERED,3.6 out of 5,45,Returned,"KSh 17,709,000"
LC1208,45772,April 31 2026,Carol Maina,Retail,-5,Rift Valley,Uasin Gishu,Eldoret,Eldoret Yard,Brian Otieno,,Mitsubishi,Outlander,SUV,N/A,Petrol,,Black,1,"KSh3,367,000","KSh 2,607,000",12%,-146000,"201,000",Asset Financing,Awaiting Payment,Delayed,3.4,11,,"KES 3,419,856"
CAR1209,24-Sept-25,24/10/2025,Kevin Otieno,County govt,28,Rift Valley,Uasin Gishu,Eldoret,Eldoret Yard,SAMUEL  MUTUA,Phone Call,Honda,Vezel,Crossover,2015,Diesel,Manual,White,1,"KSh2,755,000",2483000,15 percent,40000,"73,000",Bankers Cheque,Completed,In Transit,4.3,0,Not Returned,1190875
ord1210,08/07/2025,03/07/2025,James Chebet,Car Dealer,46,Western,Kakamega,Kakamega,Kakamega Yard,Faith Achieng,insta,Nissan,Navara,Pickup,2017,Diesel,Automatic,Grey,3,4724000,"KSh 3,868,000",#ERROR,39000,50000,M Pesa,Completed,Delivered,4.5,8,,13927560
LCL1211,26/07/2025,31/02/2026,Brian Nyambura,Individual,67,Eastern,Machakos,Athi River,Athi River Yard,Grace Njeri,whatsapp,Toyota Kenya,Prado Tx,SUV,2019,Petrol,Automatic,Black,3 cars,6918000,"KSh5,906,000",5%,not available,0.21M,Cash,Completed,Delivered,2.3,19,Not Returned,"KSh6,749,100"
N/A,08/02/2026,06-Mar-26,John Mohamed,Car Dealer,68,Central,Kiambu,Thika,Thika Yard,MARY WANJIKU,WEBSITE,Nissan,Note,Hatchback,2022,Petrol,Automatic,Green,2,"1,349,000","KSh1,170,000",12 percent,"KES 55,000","KES 102,000",Wire Transfer,Completed,Delivered,3.2,41,Not Returned,"1,214,620"
LCL-1213,45978,13/12/2025,Mercy Wanjiku,Car Dealer,61,Eastern,Machakos,Athi River,Athi River Yard,GRACE NJERI,IG,Mazda,DEMIO,Hatchback,2016,Petrol,Automatic,Blue,3 cars,"KSh 1,312,000","KSh1,088,000",5%,,"KES 153,000",Asset Financing,Completed,Delivered,4.7/5,25,Not Returned,1379400
ORD1214,12-Dec-25,26/12/2025,Naomi Maina,National Govt,33,Central,Kiambu,Thika,Thika Yard,Peter Kiptoo,FACEBOOK,TOYOTA,Fielder,Wagon,2018,Petrol,Automatic,Green,3 cars,1952000,1605000,7%,82000,"KSh 104,000",Cash,Completed,In Transit,2.1,19,Not Returned,"KSh 5,528,080"
ord1215,45740,21/04/2025,Unknown,NGO,30,RIFT VALLEY,Nakuru,nakuru,Nakuru branch,Daniel Kimani,corporate tender,mazda,Atenza,Sedan,2023,hybrid/petrol,Automatic,Green,1,"KSh 2,480,000","KSh2,032,000",15,"KSh146,000","KSh 143,000",M pesa,Paid,Delivered,4.7 out of 5,39,Returned,"KSh 4,508,000"
ORD1216,45893,"Sep 06, 2025",Mary Mohamed,Individual,-5,Central,Kiambu,Thika,Thika Yard,Aisha  Mohamed,Phone Call,volks wagen,Tiguan,SUV,2023,Diesel,Automatic,Green,1,"KSh 4,591,000","KSh 3,901,000",,"KSh 97,000",129000,Bankers Cheque,Completed,Delivered,4.6,11,Not Returned,4596180
ord1217,09/05/2025,"Jun 07, 2025",Mary Wanjiku,County govt,56,Rift Valley,Uasin Gishu,Eldoret,Eldoret Yard,Grace Njeri,Walk-in,TOYOTA,Axio,Sedan,2016,Hybrid,Automatic,Pearl,1,1875000,"1,638,000",-0.1,"48,000",#VALUE!,Bankers Cheque,Awaiting Payment,At the Yard,3.7,20,Not Returned,1055250
LC1218,46189,46195,James Mugambi,Individual,43,Eastern,Machakos,Athi River,Athi River Yard,Faith Achieng,WHATSAPP,Honda motors,Vezel,Crossover,2022,Petrol,Automatic,Red,1,2755000,2332000,Disc,"KSh 35,000","KSh51,000",M Pesa,Completed,Delivered,2.8,8,Not Returned,2707350
CAR1219,21/05/2025,45786,Victor Muthoni,Car Dealer,35,Eastern,Machakos,Athi River,Athi River Yard,Peter,Phone Call,toyota,Hilux,Pickup,202A,Petrol,Automatic,Silver,4,"KES 5,601,000","KSh 4,957,000",2,"KSh 116,000","KES 177,000",Bank transfer,Completed,Delivered,3.1,22,Not Returned,22.07M
ORD1220,45674,24/01/2025,Aisha Omondi,Individual,42,Western,Kakamega,Kakamega,Kakamega Yard,br1an otieno,Site,toyota,Harrier,SUV,2015,Hybrid,Manual,Grey,1,3937000,3.54M,15%,"KSh92,000","KES 101,000",Asset Financing,Completed,Delivered,4.4,27,Not Returned,3782295
LCL-1221,05-Dec-25,46005,Kevin Wanjiku,Ngo,62,Nyanza,Kisumu,Kisumu,Kisumu Yard,Daniel Kimani,Instagram,Mercedes-Benz,E250,Saloon,2015,Petrol,Automatic,Black,1,7019000,6005000,15%,145000,175000,cash,Completed,Cancelled,2.4,41,,not available
LCL-1222,03/05/2026,46167,James Muthoni,Ngo,25,Nairobi,Nairobi,Nairobi,Nairobi Yard,FAITH ACHIENG,corporate tender,Mitsubishi,Canter,Truck,2026,Petrol,Automatic,Green,1,"KES 3,779,000","3,125,000",5%,not available,94000,M Pesa,Cancelled,Cancelled,4.7,35,Not Returned,0
CAR1223,09/03/2026,46140,Winnie Njeri,dealer,58,nrb,Nairobi,Nairobi,Main Yard,kevin mwangi,Website,Toyota,Harrier,SUV,2025,Diesel,MANUAL,Whi,1,"4,102,000",3684000,120%,"KSh 83,000","KSh 98,000",asset finance,Refunded,on the way,2.5 out of 5,1,Returned,"737,399"
LC1224,45737,45753,Naomi Mutua,Corporate,121,Coast,Mombasa,Mombasa,Mombasa Port Yard,FAITH ACHIENG,phone call,Honda motors,Vezel,Crossover,2024,Hybrid,Automatic,Blue,1,2443000,2208000,3%,52000,-,Cash,Completed,Delivered,2.8,29,Not Returned,4843420
ord1174,2026-13-04,-,Naomi Wanjiku,Individual,48,Western,Kakamega,Kakamega,Kakamega Yard,MARY  WANJIKU,instagram,Mazda,Atenza,Sedan,2016,Gasoline,A/T,Silver,1,"KSh 2,671,000","KSh2,387,000",7%,72000,"KSh76,000",Bank transfer,Partially Paid,Delivered,2.6,5,Not Returned,2556030
N/A,21/12/2025,18/01/2026,Naomi Nyambura,company,35,Coast,Mombasa,Mombasa,Mombasa Port Yard,mercy atieno,Instagram,Mazda,CX5,SUV,2023,Petrol,Automatic,White,-1,"KES 3,560,000",3030000,10 percent,"KSh82,000","KES 85,000",Cash,Completed,In Transit,2.8,27,Not Returned,"KES 3,286,000"
CAR1227,01/07/2025,"Jul 07, 2025",Peter Mutua,Individual,65,RIFT-VALLEY,Nakuru,Nakuru,NKR Yard,Brian Otieno,WhatsApp,Toyta,Harrier,SUV,2026,PETROL,AUTOMATIC,blue,1,"KSh 4,445,000",3843000,12 percent,46000,52000,bank,pending,Delivered,4.2,27,Returned,3957600
,"Nov 24, 2025",12/12/2025,Faith Kiptoo,Corporate,43,CENTRAL,kiambu,thika,Thika Yard,Kevin Mwangi,Phone Call,HONDA,fit,Hatchback,2020,Petrol,Automatic,GREY,5,"1,592,000","KSh 1,347,000",1.2,111000,"KSh 124,000",M-Pesa,Paid,In Transit,4.3 out of 5,14,Returned,"KSh -1,480,999"
ord1229,03-Jun-26,31-May-26,Linda Mutua,Ngo,62,Nairobi,Nairobi,Nairobi,Nairobi Yard,MERCY,Whats App,nissan,Note,Hatchback,2026,Petrol,Manual,Red,2,"KES 1,189,000",932000,0,"KSh19,000",TBD,M Pesa,Completed,In Transit,3,2,Not Returned,2.4M
LCL-1230,45789,19/05/2025,John Mugambi,Car Dealer,55,Central,Kiambu,Thika,Thika Yard,br1an otieno,referal,ISUZU,N-Series,Truck,2015,Petrol,Automatic,White,1,"KSh 4,783,000",3640000,5%,"KSh 110,000",146000,Bankers Cheque,Awaiting Payment,Delivered,3.6,38,Not Returned,"KSh 4,653,850"
ord1231,45793,45796,Faith Mwangi,Individual,67,Western,Kakamega,Kakamega,Kakamega,Daniel Kimani,FACE BOOK,subru,XV,CROSSOVER,2017,Petrol,Automatic,Black,1,not available,1831000,7%,84000,"KES 73,000",Bank transfer,CANCELLED,Done,6,13,Returned,0.0M
LCL-1232,28/08/2025,45923,kevin wanjiku,ngo,27,Nyanza region,Kisumu,Kisumu,KSM YARD,Br1an Otieno,Website,Totoya,FIELDER,wagon,2015,Petrol,Automatic,black,1,1880000,"KSh1,675,000",0%,15000,14000,Cash,cancelled,Done,4.3 out of 5,39,Returned,KSh0
ord1233,45960,45965,WINNIE MAINA,dealer,47,Rift Valley,nkr,nakuru,Nakuru Yard,Grace Njer1,WEBSITE,mazda,cx-5,SUV,2025,Diesel,A/T,silver,4,"KES 3,473,000",2.75M,0.05,"KES 25,000",42000,M-Pesa,Paid,done,3.1,6,Returned,13222400
,"Apr 18, 2026",46158,Kevin Kimani,ngo,33,COAST,MOMBASA,Mombasa,Mombasa Port Yard,Mercy,PHONE CALL,BMW,X-5,SUV,Twenty Twenty,Hyb,Automatic,White,1,"KES 9,991,000",8484000,15%,"KSh 117,000",0.17M,asset finance,paid,Delivered,5.0 out of 5,10,Returned,8609350
LCL1235,46156,46160,Joseph Otieno,Individual,67,Nyanza,Kisumu,Kisumu,Kisumu Yard,Peter Kiptoo,CORPORATE TENDER,HONDA,CRV,SUV,2024,Petrol,Manual,Grey,,4408000,3.37M,10%,98000,"KSh 93,000",Bankers Cheque,Completed,Delivered,3.1,4,Not Returned,"4,065,200"
LCL1236,45917,45903,Joy Kariuki,Company,36,Eastern,Machakos,Athi River,Athi River Yard,Kevin,walk-in,nisan,XTrail,SUV,2022,PMS,A/T,Pearl,1,"KSh 3,631,000",2829000,0%,0.04M,66000,M Pesa,Completed,Delivered,3.4,45,Not Returned,3676000
LCL-1237,16/12/2025,11/04/2026,Mercy Muthoni,National Govt,41,Nyanza,Kisumu,Kisumu,Kisumu Yard,DANIEL KIMANI,Watsapp,Subaru,Forester,SUV,2020,Diesel,Automatic,Silver,1,0,"KSh3,054,000",0.05,54000,63000,cash,Completed,In Transit,3.2,20,,"KES 3,648,800"
CAR1238,45954,N/A,Mary Maina,NGO,28,Rift Valley,nakuru,Nakuru,Nakuru Yard,faith achieng,facebook,Benz,C200,SEDAN,2015,diesel,at,Red,1,5736000,"4,678,000",2%,72000,0.08M,CASH,complete,DELAYED,2.4 out of 5,1,Returned,"KSh 5,693,280"
LCL-1239,14-May-26,01/06/2026,Grace Nyambura,GOVERNMENT,30,Eastrn,MACHAKOS,Athi River,Athi River Yard,grace njeri,WALK IN,Mazda,Demio,HATCHBACK,2021,pms,A/T,RED,1,1269000,1085000,0.2,"KSh 57,000",68000,Cheque,Paid,at yard,4.7 out of 5,34,Returned,1072200
LC1240,"May 30, 2026",16-Jun-26,Grace Njeri,N.G.O,46,nyanza,Kisumu,KISUMU,Kisumu Yard,aisha,Website,mazda,ATENZA,Sedan,,petrol,AUTOMATIC,Silver,2,2597000,2102000,3%,"KSh 142,000","KSh165,000",LOAN,REFUND,Delayed,3.2 out of 5,1,Returned,0
LC1241,45946,45976,Victor Kiptoo,Government,66,Riftvalley,Uasin-Gishu,Eldoret,ELDORET YARD,Grace Njeri,Phone Call,BMW,320i,SEDAN,2019,Hybrid,automatic,gre,1,"KSh4,279,000","3,511,000",0.07,"31,000","KSh42,000",cheque,CANCELLED,Cancelled,3.6 out of 5,12,Returned,missing
LCL1242,06-Apr-26,04/04/2026,Kevin Wafula,corporate,28,Rift Valley,Nakuru,NAKURU,Nakuru branch,Grace Njeri,Facebook,Mercedes-Benz,C200,Sedan,2017,diesel,A/T,Blue,7,"5,660,000",4983000,3%,"KES 79,000","104,000",CHEQUE,Awaiting payment,Delivered,2.6 out of 5,43,Returned,38510400
LCL1243,45690,21/02/2025,Grace Kiptoo,Ngo,58,Rift Valley,Uasin Gishu,Eldoret,Eldoret Yard,MERCY ATIENO,WALKIN,SUBARU,impreza,Sedan,2022,Hybrid,Automatic,Pearl,1,2.15M,1852000,0%,62000,"80,000",Cash,Completed,Delivered,4.9,20,,"KSh1,674,500"
LCL1244,46131,06-May-26,Daniel Mwangi,Ngo,36,Coast,Mombasa,Mombasa,Mombasa Port Yard,Brian Otieno,Phone Call,Toyta,Fielder,Wagon,2016,Hybrid,Automatic,Red,1,1.73M,"KSh 1,335,000",0.02,56000,missing,M Pesa,Awaiting Payment,Cancelled,4.9,17,Not Returned,"KES 1,755,320"
LCL1245,45959,11/24/2025,Brian Maina,Corporate,45,western,Kakamega,KAKAMEGA,Kakamega Yard,Mercy  Atieno,website,Subaru,Forestar,SUV,2026,PETROL,Automatic,White,1,"3,043,000",2323000,0.1,"KES 112,000",TBD,cheque,Paid,Done,4.3 out of 5,30,Returned,"KSh3,135,770"
ORD1246,45807,02/06/2025,,CORP,31,coast,Mombasa,Msa,Mombasa Port Yard,GRACE NJERI,web,honda,Fit Hybrid,Hatchback,2022,Hybrid,Automatic,White,1,"KSh1,470,000",#VALUE!,,106000,170000,Asset Finance,PAID,delivered,4.0 out of 5,44,Returned,"KSh 1,546,600"
ord1247,45666,01/30/2025,daniel maina,Car Dealer,52,Eastern,Machakos,Athi River,Athi River Yard,Daniel,instagram,Toyta,Prado Tx,SUV,2026,Petrol,Automatic,Grey,3,6996000,"5,362,000",-,KSh 0,"KSh 48,000",Cash,Completed,Delivered,4.5,6,Not Returned,"KSh 18,931,200"
CAR1248,45972,46000,Joseph Omondi,Corporate,64,Coast,Mombasa,Mombasa,Mombasa Port Yard,brian  otieno,Corporate Tender,MITSHUBISHI,outlander,SUV,2021,Petrol,Automatic,Black,1,3444000,2841000,2%,"KSh 164,000","KSh 225,000",Bankers Cheque,Completed,Delivered,4.4,27,,"KSh3,539,120"
LCL1249,26/10/2025,NULL,Hassan Wanjiku,Car Dealer,57,Nairobi,Nairobi,NAIROBI,Nairobi Yard,Brian Otieno,Referral,B.M.W,320I,Sedan,2016,Diesel,M/T,Pearl,1,4349000,"KSh3,923,000",10%,40000,"KSh65,000",Bankers Cheque,Cancelled,Cancelled,,12,Not Returned,KSh 0
LCL-1250,,26/08/2025,Victor Maina,Ngo,56,Western,Kakamega,Kakamega,Kakamega Yard,Daniel Kimani,Phone Call,Totoya,Corolla ,Sedan,2024,Petrol,Automatic,White,1,1775000,1401000,0.25,"KSh 34,000",52000,Bank transfer,Completed,Delivered,4.7,29,,"1,365,250"
LC1251,01/15/2025,05/05/2025,JOHN ACHIENG,individual,41,Msa Region,Mombasa county,mombasa,Mombasa Port Yard,Samuel Mutua,PHONE CALL,V.W,golf,Hatchback,2025,PETROL,Manual,SILVER,1,"KSh 1,927,000","KSh 1,730,000",2 percent,152000,,Cheque,PAID,completed,Excellent,20,Returned,2.04M
ord1252,23-Jan-25,NULL,James Wafula,Government,39,Nyanza,Kisumu,Kisumu,Kisumu Yard,grace  njeri,Referral,MITSUBISHI,Pajero,suv,2023,DIESEL,auto,GREY,1,4376000,"KES 3,530,000",Disc,"KES 93,000",116000,Asset Finance,Paid,At Yard,2.7,14,Returned,"KSh4,162,679"
ORD1253,27/02/2025,45734,Peter Maina,Corporate,40,Nyanza,Ksm,Kisumu,Kisumu yard,Daniel Kimani,Corporate Tender,Nissan,XTRAIL,SUV,2020,Petrol,Manual,pearl,1,KSh0,2632000,0.5,"KES 18,000",26000,BANK TRANSFER,Cancelled,Cancelled,4.1,12,Returned,KSh 0
ORD1254,10/04/2025,45777,Naomi Otieno,Individual,57,Central,Kiambu,Thika,Thika Yard,FA1TH ACHIENG,Referral,Toyota,Hilux,Pickup,2018,Gasoline,A/T,White,1,6132000,5461000,-10,137000,"KSh 103,000",M Pesa,Partially Paid,In Transit,4.2,16,Not Returned,6193980
LCL1255,45737,02/04/2025,Faith Nyambura,Dealer,25,RIFT VALLEY,Nakuru,Nakuru,Nakuru Yard,Grace,Referral,toyota,Prado TX,SUV,2016,diesel,Automatic,White,-1,"KSh 7,911,000","KES 6,248,000",-10 percent,49000,96000,Cash,Partially Paid,DONE,2.0 out of 5,28,Returned,#VALUE!
CAR1256,45806,N/A,Daniel Mugambi,Car Dealer,30,Eastern,Machakos,Athi River,Athi River Yard,Mercy  Atieno,Website,Mitshubishi,Canter,Truck,2015,Gasoline,M/T,Pearl,1,"KSh3,583,000","KES 2,884,000",15%,0,"83,000",cash,Awaiting Payment,Delayed,2.1,0,Not Returned,"KSh 1,545,275"
LC1257,01/12/2026,46042,MARY OMONDI,Car Dealer,47,Western,Kakamega,Kakamega,Kakamega Yard,Peter  Kiptoo,Website,Toyota,Fielder,Wagon,2023,Petrol,Manual,Green,1,1990000,"KSh1,697,000",15%,142000,144000,Wire Transfer,Cancelled,Delivered,2.2,,,KES 0
-,,02/21/2025,Daniel Mwangi,Non Profit,22,Coast,Mombasa,Mombasa,Mombasa Port Yard,KEVIN,REFERRAL,VW,Golf GTI,Hatchback,2019,petrol,Automatic,SILVER,1,1.96M,"KES 1,547,000",0.1,38000,58000,Rtgs,complete,DELIVERED,3.9 out of 5,32,Returned,1798400
CAR1259,02-May-25,07-May-25,Mercy Muthoni,Dealer,-,nyanza region,Kisumu county,Kisumu,Kisumu branch,Peter Kiptoo,INSTAGRAM,Toyota,Harrier,Suv,2022,PETROL,AT,Blue,7,5102000,4109000,0 percent,104000,119000,M-Pesa,Pending,DELIVERED,2.7 out of 5,3,Returned,"KES 35,818,000"
LC1260,2026-13-04,45922,,Ngo,65,Rift Valley,Uasin Gishu,Eldoret,Eldoret Yard,Aisha Mohamed,WALK-IN,Mazada,DEMIO,Hatchback,2020,Hybrid,A/T,Pearl,1,1183000,"KSh 931,000",fifteen,"KES 18,000",54000,Asset Financing,Partially Paid,Delivered,3.3,2,Not Returned,"KSh 570,925"
LCL-1261,45996,46022,Linda Nyambura,Dealer,26,WESTERN,Kakamega,Kakamega,Kakamega Yard,Mary Wanjiku,Referral,Nissan,NOTE,Hatchback,2026,petrol,AT,Silver,1,"KES 1,283,000",1.0M,0.25,"KSh 30,000","KSh 70,000",Asset Finance,Paid,completed,-,24,Returned,not available
ORD1262,46008,06-Jan-26,Hassan Mutua,Ngo,41,Nairobi,Nairobi,Nairobi,Nairobi Yard,Faith Achieng,Walk-in,Bmw,BMW X5,SUV,2023,Petrol,Automatic,Red,1,"KSh 9,721,000","KES 8,010,000",5%,21000,"KSh35,000",M Pesa,Partially Paid,Delayed,,36,Not Returned,9255950
LCL-1263,46099,46104,James Maina,corporate,67,Eastern,Machakos,Athi River,Athi River Yard,mercy at1eno,REFERRAL,mitsubish,Canter,Truck,2020,Diesel,M/T,Grey,2,"KSh 3,670,000",3025000,2%,152000,"KSh 200,000",Bank transfer,Cancelled,Cancelled,3,14,Not Returned,#VALUE!
CAR1264,"Sep 21, 2025",45929,Grace Kiptoo,National Govt,59,Rift Valley,Nakuru,Nakuru,Nakuru Yard,Daniel Kimani,Facebook,Subaru,outback,Wagon,2016,Petrol,Automatic,Silver,1,"KSh3,495,000",3038000,10 percent,"KSh 58,000",56000,M Pesa,Completed,In Transit,4,15,Not Returned,"3,203,500"
LC1265,27-Dec-25,02/01/2026,Linda Wafula,Car Dealer,63,Coast,Mombasa,Mombasa,Mombasa Port Yard,Mary Wanjiku,whatsapp,Subaru,Forester,SUV,2023,PMS,Automatic,Grey,1,3240000,error,3%,KSh0,"KES 172,000",Asset Financing,Completed,Delivered,2.1,42,Not Returned,"KSh 3,313,800"
LCL1266,27-Apr-25,04/05/2025,Mary Mutua,Corporate,22,Rift Valley,Nakuru,Nakuru,Nakuru Yard,Samuel,CORP TENDER,Isuzu,N-Series,Truck,2016,Petrol,Manual,Pearl,2,5963000,"KSh 5,364,000",No Discount,34000,missing,cash,Cancelled,Cancelled,2.1,23,Not Returned,KSh0
CAR1267,09/01/2026,29/01/2026,Samuel Mugambi,Ngo,34,COAST,MOMBASA COUNTY,Mombasa,MSA yard,Mary Wanj1ku,Referral,mitshubishi,outlander,Suv,2024,dsl,Automatic,pearl,1,"KSh 3,750,000",2.88M,3 percent,"KSh 131,000",0.16M,Asset Finance,partial,AT YARD,4.6,5,Returned,not available
LC1268,13-Jun-25,19/06/2025,James Njeri,Corporate,29,RIFTVALLEY,Nakuru,NKR,NAKURU YARD,Mercy Atieno,CORPORATE TENDER,Nisan,Juke,CROSSOVER,2025,Petrol,Automatic,grey,1,2114000,not available,0.5,169000,"KSh107,000",Cash,paid,completed,3,33,Returned,1226000
ORD1269,April 31 2026,46134,Brian Kariuki,Corporate,,Rift Valley,Nakuru,Nakuru,Nakuru Yard,Aisha  Mohamed,Referral,BENZ,E250,Sedan,2016,Petrol,Automatic,White,3 cars,6140000,4722000,#ERROR,109000,"KES 123,000",Cash,Completed,Delivered,3.3,21,Not Returned,"KSh 6,249,000"
LCL1270,"Apr 29, 2025",30/04/2025,Faith Njeri,Ngo,40,Rift Valley,Uasin Gishu,Eldoret,Eldoret Yard,Samuel Mutua,Face book,Honda,Vezel,Crossover,2017,Diesel,Automatic,Green,two,3017000,2683000,Disc,30000,"KES 57,000",Bankers Cheque,Partially Paid,Delivered,4.9,8,Not Returned,not available
LC1271,46177,05/06/2026,Kevin Mohamed,Ngo,29,Nyanza,Kisumu,Kisumu,Kisumu Yard,Mercy Atieno,REFERRAL,Mazda,CX5,SUV,2025,Petrol,A/T,Grey,3 cars,3673000,3088000,0.03,"KSh 105,000","KSh 110,000",Bank transfer,Completed,Delayed,4,21,Not Returned,3667810
ord1272,46040,46066,Winnie Kariuki,National Govt,42,Western,Kakamega,Kakamega,Kakamega Yard,Mary Wanjiku,Insta,Honda,CRV,SUV,2025,Petrol,Automatic,Green,1,not available,3781000,10%,"KSh149,000",126000,M Pesa,Completed,Delivered,4.8,42,Not Returned,3941600
CAR1273,17/06/2026,46213,Brian Maina,Ngo,52,Rift Valley,Uasin Gishu,Eldoret,Eldoret Yard,Faith Achieng,WALK-IN,Mazda,demio,Hatchback,2023,Diesel,A/T,Pearl,1,"1,185,000","KSh 948,000",3%,141000,159000,M Pesa,Completed,In Transit,4,,Not Returned,1290450
LCL1274,46169,46196,Mercy Kariuki,Corporate,44,RIFT VALLEY,uasin gishu,ELD,eldoret yard,Kevin,Instagram,totoya,Prado TX,SUV,2026,Petrol,Automatic,Blue,2,7948000,"KSh 6,126,000",7%,"KSh 87,000",missing,Bankers Cheque,Pending,Delivered,2.4,41,Returned,14.87M
LCL1275,"Jun 19, 2026",11/07/2026,Brian Mwangi,Individual,59,central,Kiambu,Thikka,Thika Yard,Mercy Atieno,insta,TOYOTA,Hiace,Van,2016,DIESEL,AUTOMATIC,GREY,3,5.32M,"KES 4,489,000",NULL,164000,missing,M Pesa,REFUND,DELAYED,4.7 out of 5,24,Returned,0
