Customer Name,Customer Type,Customer Age,Region,County,City,Branch,Sales Rep,Lead Source,Car Make,Car Model,Vehicle Type,Vehicle Year,Fuel Type,Transmission,Color,Units Sold,Unit Selling Price,Unit Cost,Discount %,Delivery Fee,Logistics Cost,Payment Method,Payment Status,Delivery Status,Customer Rating,Review Count,Returned,Revenue Recorded,Order IDs,Order Date Clean,Delivery Date Clean
Linda Mutua,Car Dealer,,Coast,Mombasa,Mombasa,Mombasa Port Yard,Brian Otieno,Facebook,Subaru,Outback,Wagon,2021,Diesel,Automatic,Black,1,"3,505,000","2,967,000",0,"78,000","129,000",Bankers Cheque,Complete,Delivered,4.4,31,Returned,"3,337,650",LC1081,"Monday, 13 April 2026","Sunday, 29 June 2025"
Faith Kiptoo,Ngo,,Rift Valley,Uasin Gishu,Eldoret,Eldoret Yard,Mercy Atieno,Website,Mitsubishi,Outlander,Suv,2018,Hybrid,Automatic,Silver,1,"3,103,000","2,500,000",0,"85,000","133,000",M-Pesa,Paid,In Transit,4.3,8,Not Returned,"2,869,200",ORD1130,"Tuesday, 27 January 2026","Friday, 30 January 2026"
James Wafula,Corporate,,Eastern,Machakos,Athi River,Athi River Yard,Mary Wanjiku,Instagram,Mazda,Axela,Sedan,2024,Hybrid,Automatic,White,1,"1,899,000","1,520,000",0,,"52,000",M-Pesa,Cancelled,Cancelled,3.4,16,Not Returned,"1,935,020",CAR1176,"Saturday, 20 December 2025","Tuesday, 30 December 2025"
James Wafula,Individual,,Coast,Mombasa,Mombasa,Mombasa Port Yard,Mary Wanjiku,Phone Call,Nissan,Juke,Crossover,2021,Petrol,Automatic,White,1,,"1,592,000",0,"163,000","150,000",Bankers Cheque,Partially Paid,Delivered,5,27,Not Returned,"1,757,800",ORD1156,"Friday, 13 June 2025","Monday, 16 June 2025"
Unknown,Ngo,,Rift Valley,Nakuru,Nakuru,Nakuru Yard,Daniel Kimani,Corporate Tender,Mazda,Atenza,Sedan,2023,Hybrid,Automatic,Green,1,"2,480,000","2,032,000",15,"146,000","143,000",M-Pesa,Paid,Delivered,4.7,39,Returned,"4,508,000",ORD1215,"Monday, 24 March 2025","Monday, 21 April 2025"
Mary Nyambura,Corporate,,Rift Valley,Uasin Gishu,Eldoret,Eldoret Yard,Daniel Kimani,Phone Call,Toyota,Harrier,Suv,2024,Hybrid,Automatic,White,1,"4,205,000","3,246,000",0,"100,000","140,000",Asset Financing,Paid,In Transit,4.1,19,Not Returned,"4,307,000",LC1117,"Sunday, 24 August 2025","Monday, 25 August 2025"
Naomi Mwangi,Government,,Rift Valley,Nakuru,Nakuru,Nakuru Yard,Grace Njeri,Facebook,Toyota,Harrier,Suv,2018,Diesel,Automatic,Blue,1,"4,536,000","3,584,000",0,"23,000","50,000",M-Pesa,Completed,Delivered,4.7,29,Returned,"4,241,480",LCL1064,"Sunday, 17 August 2025","Tuesday, 26 August 2025"
Victor Mwangi,Individual,,Eastern,Machakos,Athi River,Athi River Yard,Brian Otieno,Phone Call,Toyota,Corolla,Sedan,,Hybrid,Automatic,White,1,"1,848,000","1,479,000",7,"98,000","127,000",Asset Financing,Paid,At The Yard,,25,Returned,"1,998,304",LC1148,"Tuesday, 8 July 2025","Saturday, 8 November 2025"
Peter Wanjiku,Ngo,,Western,Kakamega,Kakamega,Kakamega Yard,Mercy Atieno,Website,Subaru,Forester,Suv,2024,Hybrid,Automatic,Black,1,"3,391,000","2,814,000",0,"38,000","85,000",Cash,Pending,Delivered,2.5,32,Not Returned,"2,581,250",LCL1162,"Tuesday, 24 June 2025","Tuesday, 15 July 2025"
Victor Mwangi,Ngo,,Central,Kiambu,Thika,Thika Yard,Grace Njeri,Referral,Mazda,Demio,Hatchback,2016,Diesel,Automatic,Green,1,"1,320,000","1,159,000",0,"90,000","108,000",M-Pesa,Paid,Cancelled,3.6,37,Not Returned,"1,252,600",ORD1120,"Wednesday, 3 June 2026","Wednesday, 24 June 2026"
Mary Mohamed,Individual,,Central,Kiambu,Thika,Thika Yard,Aisha Mohamed,Phone Call,Volkswagen,Tiguan,Suv,2023,Diesel,Automatic,Green,1,"4,591,000","3,901,000",,"97,000","129,000",Bankers Cheque,Paid,Delivered,4.6,11,Not Returned,"4,596,180",ORD1216,"Sunday, 24 August 2025","Saturday, 6 September 2025"
Peter Kiptoo,Government,23,Coast,Mombasa,Mombasa,Mombasa Port Yard,Mary Wanjiku,Instagram,Honda,Vezel,Crossover,2021,Hybrid,Automatic,Green,1,,"2,220,000",0,"40,000","37,000",Bankers Cheque,Paid,Delivered,2.6,22,Not Returned,"2,559,500",ORD1052,"Saturday, 21 June 2025","Wednesday, 16 July 2025"
John Kariuki,Government,23,Central,Kiambu,Thika,Thika Yard,Brian Otieno,Phone Call,Subaru,Outback,Wagon,2020,Hybrid,Automatic,Grey,1,"4,175,000","3,574,000",0,"109,000",,M-Pesa,Partial,Delayed,4.7,13,Not Returned,"3,866,500",ORD1182,"Wednesday, 1 April 2026","Sunday, 18 January 2026"
Grace Kariuki,Ngo,25,Coast,Mombasa,Mombasa,Mombasa Port Yard,Peter Kiptoo,Corporate Tender,Mazda,Demio,Hatchback,2015,Petrol,Automatic,Grey,1,"1,210,000","961,000",0,"84,000","68,000",Asset Financing,Paid,In Transit,2.7,14,Returned,"1,173,000",ORD1040,"Saturday, 15 November 2025","Wednesday, 26 November 2025"
Aisha Mugambi,Individual,25,Rift Valley,Uasin Gishu,Eldoret,Eldoret Yard,Mary Wanjiku,Whatsapp,Honda,Fit,Hatchback,2023,Petrol,Automatic,Silver,1,"1,343,000","1,126,000",0,"64,000","61,000",Wire Transfer,Deposit Paid,Delivered,2.3,31,Not Returned,"1,366,710",LCL1186,"Friday, 5 June 2026","Monday, 25 May 2026"
Samuel Kimani,Car Dealer,25,Nyanza Region,Kisumu,Kisumu,Kisumu Yard,Daniel Kimani,Facebook,Subaru,Subaru,Crossover,2019,Petrol,Automatic,Red,1,"2,283,000","1,841,000",,"136,000","204,000",Bank Transfer,Paid,At The Yard,4.4,26,Not Returned,"4,381,400",CAR1076,"Sunday, 30 November 2025","Thursday, 25 December 2025"
James Muthoni,Ngo,25,Nairobi,Nairobi,Nairobi,Nairobi Yard,Faith Achieng,Corporate Tender,Mitsubishi,Canter,Truck,2026,Petrol,Automatic,Green,1,"3,779,000","3,125,000",0,,"94,000",M-Pesa,Cancelled,Cancelled,4.7,35,Not Returned,0,LCL1222,"Thursday, 5 March 2026","Monday, 25 May 2026"
Kevin Otieno,Government,26,Nairobi,Nairobi,Nairobi,Nairobi Yard,Faith Achieng,Corporate Tender,Mercedes,C200,Sedan,2021,Diesel,Automatic,White,1,"5,620,000","4,789,000",0,"32,000",,M-Pesa,Cancelled,In Transit,3.7,10,Not Returned,0,ORD1187,"Thursday, 9 January 2025","Thursday, 11 September 2025"
Mary Mugambi,Corporate,27,Western,Kakamega,Kakamega,Kakamega Yard,Faith Achieng,Facebook,Nissan,Juke,Crossover,2023,Diesel,Automatic,White,1,"1,861,000","1,483,000",0,"140,000","166,000",M-Pesa,Paid,In Transit,4.9,11,Not Returned,"1,945,170",ORD1132,"Tuesday, 29 July 2025","Saturday, 28 February 2026"
Kevin Wanjiku,Ngo,27,Nyanza Region,Kisumu,Kisumu,Kisumu Yard,Brian Otieno,Website,Toyota,Fielder,Wagon,2015,Petrol,Automatic,Black,1,"1,880,000","1,675,000",0,"15,000","14,000",Cash,Cancelled,Delivered,4.3,39,Returned,0,LCL1232,"Thursday, 28 August 2025","Tuesday, 23 September 2025"
Carol Wanjiku,Car Dealer,28,Rift Valley,Nakuru,Nakuru,Nakuru Yard,Brian Otieno,Phone Call,Subaru,Outback,Wagon,2017,Diesel,Automatic,Grey,1,"3,369,000",0,0,"141,000","204,000",Bankers Cheque,Paid,Delivered,2.5,20,Not Returned,"3,004,650",ORD1097,"Sunday, 11 January 2026","Monday, 16 March 2026"
John Nyambura,Corporate,29,Central,Kiambu,Thika,Thika Yard,Brian Otieno,Instagram,Bmw,Bmw X5,Suv,1899,Diesel,Automatic,Blue,1,"10,434,000","8,082,000",0,"150,000","178,000",Cash,Pending,Delivered,4.8,26,Not Returned,"9,853,620",ORD1141,"Thursday, 27 February 2025","Tuesday, 18 March 2025"
Daniel Kimani,Individual,29,Central,Kiambu,Thika,Thika Yard,Mercy Atieno,Walk In,Toyota,Corolla,Sedan,2020,Gasoline,Automatic,Silver,1,"1,890,000","1,523,000",0,,"140,000",Bank Transfer,Pending,Delayed,4.7,8,Not Returned,"1,916,500",LC1067,"Wednesday, 1 January 2025","Friday, 31 January 2025"
Brian Achieng,Ngo,29,Rift Valley,Nakuru,Nakuru,Nakuru Yard,Peter Kiptoo,Referral,Toyota,Corolla,Sedan,2026,Petrol,Automatic,Green,1,"2,059,000","1,595,000",0,"68,000","54,000",Bank Transfer,Paid,In Transit,3.9,41,Not Returned,,LCL1135,"Sunday, 23 February 2025","Thursday, 6 March 2025"
James Njeri,Corporate,29,Rift Valley,Nakuru,Nakuru,Nakuru Yard,Mercy Atieno,Corporate Tender,Nissan,Juke,Crossover,2025,Petrol,Automatic,Grey,1,"2,114,000",,1,"169,000","107,000",Cash,Paid,Delivered,3,33,Returned,"1,226,000",LC1268,"Friday, 13 June 2025","Thursday, 19 June 2025"
Unknown,Corporate,31,Coast,Mombasa,Mombasa,Mombasa Port Yard,Grace Njeri,Website,Honda,Fit,Hatchback,2022,Hybrid,Automatic,White,1,"1,470,000",,,"106,000","170,000",Asset Financing,Paid,Delivered,4,44,Returned,"1,546,600",ORD1246,"Friday, 30 May 2025","Thursday, 6 February 2025"
Mary Maina,County Government,31,Rift Valley,Uasin Gishu,Eldoret,Eldoret Yard,Aisha Mohamed,Facebook,Nissan,Juke,Crossover,2018,Diesel,Automatic,Pearl,1,"1,837,000","1,619,000",0,"40,000",0,Cash,Paid,Delivered,2.4,39,Not Returned,"1,748,410",ORD1068,"Friday, 11 July 2025","Tuesday, 11 November 2025"
Aisha Mutua,Ngo,31,Western,Kakamega,Kakamega,Kakamega Yard,Mary Wanjiku,Website,Toyota,Prado Tx,Suv,,Petrol,Automatic,Black,1,"7,231,000","6,304,000",0,"115,000","122,000",M-Pesa,Paid,Delivered,3,41,Not Returned,"7,129,070",ORD1096,"Sunday, 21 September 2025","Tuesday, 10 June 2025"
Mercy Chebet,Ngo,32,Eastern,Machakos,Athi River,Athi River Yard,Samuel Mutua,Corporate Tender,Mitsubishi,Canter,Truck,2024,Petrol,Automatic,Black,1,"3,649,000","3,229,000",0,"154,000","142,000",M-Pesa,Completed,In Transit,5,2,Not Returned,"3,438,100",ORD1033,"Monday, 23 March 2026","Thursday, 16 April 2026"
Mary Omondi,Car Dealer,32,Nyanza Region,Kisumu,Kisumu,Kisumu Yard,Kevin Mwangi,Corporate Tender,Isuzu,N-Series,Truck,2021,Diesel,Automatic,Grey,1,"5,385,000","4,889,000",5,"84,000","100,000",Cash,Paid,At The Yard,4.1,37,Not Returned,"5,199,750",LCL1139,"Sunday, 26 October 2025",
Samuel Mugambi,Ngo,34,Coast,Mombasa,Mombasa,Mombasa Port Yard,Mary Wanjiku,Referral,Mitsubishi,Outlander,Suv,2024,Diesel,Automatic,Pearl,1,"3,750,000","2,880,000",3,"131,000","160,000",Asset Financing,Partial,At The Yard,4.6,5,Returned,,CAR1267,"Tuesday, 1 September 2026","Thursday, 29 January 2026"
Hassan Omondi,Corporate,35,Rift Valley,Nakuru,Nakuru,Nakuru Yard,Grace Njeri,Facebook,Subaru,Forester,Suv,2018,Hybrid,Automatic,White,1,"3,760,000","3,012,000",0,"132,000",,Bank Transfer,Pending,In Transit,4.7,,Returned,"3,816,800",ORD1072,"Thursday, 7 August 2025","Friday, 11 July 2025"
Daniel Mwangi,Ngo,36,Coast,Mombasa,Mombasa,Mombasa Port Yard,Brian Otieno,Phone Call,Toyota,Fielder,Wagon,2016,Hybrid,Automatic,Red,1,"1,730,000","1,335,000",0,"56,000",,M-Pesa,Pending,Cancelled,4.9,17,Not Returned,"1,755,320",LCL1244,"Sunday, 19 April 2026","Wednesday, 6 May 2026"
Linda Wafula,Government,36,Coast,Mombasa,Mombasa,Mombasa Port Yard,Brian Otieno,Website,Subaru,Outback,Wagon,2020,Petrol,Automatic,Silver,1,"3,931,000",,0,"50,000",,M-Pesa,Completed,Cancelled,4,10,Not Returned,"3,512,280",ORD1030,"Tuesday, 1 December 2026","Wednesday, 11 February 2026"
Brian Wafula,Car Dealer,37,Coast,Mombasa,Mombasa,Mombasa Port Yard,Mary Wanjiku,Walk In,Mercedes,E250,Sedan,2019,Gasoline,Automatic,Pearl,1,"7,033,000","5,892,000",,"42,000","55,000",Bankers Cheque,Paid,In Transit,3.8,11,Not Returned,"6,367,500",ORD1109,,"Friday, 7 November 2025"
Linda Mugambi,Corporate,37,Coast,Mombasa,Mombasa,Mombasa Port Yard,Peter Kiptoo,Website,Honda,Vezel,Crossover,2021,Petrol,Automatic,Blue,1,"2,489,000","1,910,000",10,"120,000","110,000",Cash,Paid,At The Yard,2.8,38,Not Returned,"2,355,100",LCL1080,"Friday, 28 March 2025","Friday, 14 March 2025"
Linda Omondi,Ngo,37,Central,Kiambu,Thika,Thika Yard,Daniel Kimani,Facebook,Toyota,Lc200,Suv,2022,Diesel,Automatic,Green,1,"12,281,000","10,910,000",0,"120,000","128,000",Asset Financing,Paid,In Transit,2.3,1,Returned,"10,558,850",ORD1119,"Saturday, 13 June 2026","Tuesday, 23 June 2026"
Joy Wafula,Car Dealer,38,Coast,Mombasa,Mombasa,Mombasa Port Yard,Mary Wanjiku,Instagram,Isuzu,Dmax,Pickup,2018,Diesel,Automatic,White,1,"4,460,000","3,415,000",,"39,000","70,000",M-Pesa,Paid,At The Yard,3.9,6,Returned,"4,362,290",LC1088,"Saturday, 31 January 2026","Monday, 16 February 2026"
Aisha Mohamed,Ngo,38,Nairobi,Nairobi,Nairobi,Nairobi Yard,Faith Achieng,Instagram,Toyota,Corolla,Sedan,2025,Hybrid,Automatic,White,1,"2,004,000","1,785,000",0,"140,000","155,000",M-Pesa,Refunded,At The Yard,2,12,Returned,0,LCL1170,"Wednesday, 10 June 2026","Friday, 12 June 2026"
Hassan Mutua,Ngo,41,Nairobi,Nairobi,Nairobi,Nairobi Yard,Faith Achieng,Walk In,Bmw,Bmw X5,Suv,2023,Petrol,Automatic,Red,1,"9,721,000","8,010,000",0,"21,000","35,000",M-Pesa,Partially Paid,Delayed,,36,Not Returned,"9,255,950",ORD1262,"Wednesday, 17 December 2025","Tuesday, 6 January 2026"
Carol Ochieng,Government,42,Western,Kakamega,Kakamega,Kakamega Yard,Samuel Mutua,Website,Toyota,Fielder,Wagon,2018,Petrol,Automatic,Red,1,"1,840,000","1,661,000",0,"88,000","118,000",Bankers Cheque,Pending,In Transit,2.6,,Not Returned,"1,872,800",LCL1003,"Sunday, 15 February 2026","Wednesday, 25 February 2026"
Faith Maina,Individual,42,Eastern,Machakos,Athi River,Athi River Yard,Grace Njeri,Referral,Honda,Vezel,Crossover,2017,Petrol,Automatic,Blue,1,"3,042,000","2,319,000",,"166,000","211,000",M-Pesa,Paid,Delivered,3,16,Returned,"3,208,000",LC1206,"Sunday, 9 March 2025","Friday, 26 September 2025"
Winnie Kariuki,Government,42,Western,Kakamega,Kakamega,Kakamega Yard,Mary Wanjiku,Instagram,Honda,CrV,Suv,2025,Petrol,Automatic,Grey,1,,"3,781,000",0,"149,000","126,000",M-Pesa,Completed,Delivered,4.8,42,Not Returned,"3,941,600",ORD1272,"Sunday, 18 January 2026","Friday, 13 February 2026"
James Mugambi,Individual,43,Eastern,Machakos,Athi River,Athi River Yard,Faith Achieng,Whatsapp,Honda,Vezel,Crossover,2022,Petrol,Automatic,Red,1,"2,755,000","2,332,000",,"35,000","51,000",M-Pesa,Paid,Delivered,2.8,8,Not Returned,"2,707,350",LC1218,"Tuesday, 16 June 2026","Monday, 22 June 2026"
Linda Mwangi,Government,45,Rift Valley,Uasin Gishu,Eldoret,Eldoret Yard,Aisha Mohamed,Facebook,Honda,Fit,Hatchback,2024,Hybrid,Automatic,Pearl,1,"1,484,000","1,170,000",0,"45,000","76,000",Bank Transfer,Paid,Delivered,4.6,30,Not Returned,"1,454,800",CAR1183,"Friday, 4 December 2026","Saturday, 9 May 2026"
Brian Maina,Corporate,45,Western,Kakamega,Kakamega,Kakamega Yard,Mercy Atieno,Website,Subaru,Forester,Suv,2026,Petrol,Automatic,White,1,"3,043,000","2,323,000",0,"112,000",,Bankers Cheque,Paid,Delivered,4.3,30,Returned,"3,135,770",LCL1245,"Wednesday, 29 October 2025","Monday, 24 November 2025"
Peter Mohamed,Government,46,Coast,Mombasa,Mombasa,Mombasa Port Yard,Peter Kiptoo,Facebook,Toyota,Prado Tx,Suv,2026,Petrol,Automatic,Pearl,1,"6,472,000","5,411,000",0,"93,000","127,000",Bank Transfer,Deposit Paid,In Transit,2.2,11,Not Returned,"11,188,400",ORD1020,"Saturday, 8 November 2025","Saturday, 28 February 2026"
John Muthoni,Government,46,Rift Valley,Nakuru,Nakuru,Nakuru Yard,Kevin Mwangi,Corporate Tender,Bmw,Bmw X5,Saloon,2019,Hybrid,Automatic,Green,1,"4,301,000","3,311,000",7,"86,000","120,000",Asset Financing,Paid,Delivered,4,29,Returned,"4,085,929",ORD1079,"Wednesday, 23 July 2025","Thursday, 24 July 2025"
James Kiptoo,Individual,48,Eastern,Machakos,Athi River,Athi River Yard,Aisha Mohamed,Phone Call,Volkswagen,Golf,Hatchback,2020,Electric,Automatic,Silver,1,"2,444,000","1,994,000",0,"16,000","23,000",Bankers Cheque,Unpaid,Delivered,4.8,34,Not Returned,"2,288,920",LCL1164,"Sunday, 15 March 2026","Thursday, 2 April 2026"
Unknown,Car Dealer,49,Nyanza Region,Kisumu,Kisumu,Kisumu Yard,Daniel Kimani,Facebook,Toyota,Harrier,Suv,2023,Petrol,Automatic,Pearl,1,"4,807,000","4,189,000",12,"105,000","121,000",Asset Financing,Pending,Delivered,4.4,1,Not Returned,"4,335,160",CAR1125,"Saturday, 13 September 2025","Monday, 29 September 2025"
Kevin Mohamed,Car Dealer,51,Nairobi,Nairobi,Nairobi,Nairobi Yard,Grace Njeri,Walk In,Toyota,Hillux,Pickup,2018,Petrol,Automatic,White,1,"4,894,000","4,313,000",,"160,000","114,000",Asset Financing,Partially Paid,Delivered,3,34,Not Returned,"4,319,900",CAR1108,"Saturday, 3 May 2025","Sunday, 30 March 2025"
John Mugambi,Car Dealer,55,Central,Kiambu,Thika,Thika Yard,Brian Otieno,Referral,Isuzu,N-Series,Truck,2015,Petrol,Automatic,White,1,"4,783,000","3,640,000",0,"110,000","146,000",Bankers Cheque,Pending,Delivered,3.6,38,Not Returned,"4,653,850",LCL1230,"Monday, 12 May 2025","Monday, 19 May 2025"
Carol Kariuki,Car Dealer,55,Central,Kiambu,Thika,Thika Yard,Mercy Atieno,Walk In,Mercedes,Gle,Suv,2020,Petrol,Automatic,Green,1,"12,472,000","10,456,000",5,"66,000","86,000",Cash,Partially Paid,Delivered,2,37,Not Returned,"11,914,400",ORD1021,"Friday, 10 January 2025","Thursday, 23 January 2025"
Mary Kimani,Government,55,Central,Kiambu,Thika,Thika Yard,Daniel Kimani,Referral,Toyota,Prado Tx,Suv,2023,Petrol,Automatic,Green,1,"8,127,000","6,600,000",0,"43,000","65,000",M-Pesa,Paid,In Transit,3.1,34,Returned,"8,007,460",CAR1025,"Wednesday, 16 April 2025","Sunday, 4 May 2025"
Joseph Wanjiku,Individual,55,Nyanza Region,Kisumu,Kisumu,Kisumu Yard,Mercy Atieno,Corporate Tender,Isuzu,Dmax,Pickup,2026,Hybrid,Automatic,Black,1,"4,220,000","3,756,000",0,"105,000","124,000",Cash,Paid,Delayed,4.2,37,Not Returned,"4,240,600",CAR1058,"Tuesday, 23 December 2025","Wednesday, 14 January 2026"
Mary Kiptoo,Corporate,55,Central,Kiambu,Thika,Thika Yard,Mercy Atieno,Instagram,Isuzu,Dmax,Pickup,2015,Petrol,Automatic,Red,1,"4,230,000","3,526,000",0,"130,000","181,000",Bankers Cheque,Paid,Delivered,4.2,32,Not Returned,"4,233,100",LCL1204,"Monday, 26 May 2025","Thursday, 19 June 2025"
Hassan Omondi,Car Dealer,55,Central,Kiambu,Thika,Thika Yard,Daniel Kimani,Referral,Nissan,Navara,Pickup,2023,Petrol,Automatic,Grey,1,"4,661,000","3,891,000",7,"18,000","32,000",Asset Financing,Partially Paid,In Transit,3,33,Not Returned,"4,350,000",LCL1189,"Sunday, 28 December 2025","Thursday, 22 January 2026"
Linda Achieng,Ngo,56,Coast,Mombasa,Mombasa,Mombasa Port Yard,Mary Wanjiku,Phone Call,Mazda,Axela,Sedan,2025,Petrol,Automatic,Silver,1,"1,819,000","1,532,000",0,"150,000","203,000",Bankers Cheque,Paid,Delivered,4.2,20,Not Returned,,LC1098,,"Sunday, 21 June 2026"
Victor Maina,Ngo,56,Western,Kakamega,Kakamega,Kakamega Yard,Daniel Kimani,Phone Call,Toyota,Corolla,Sedan,2024,Petrol,Automatic,White,1,"1,775,000","1,401,000",0,"34,000","52,000",Bank Transfer,Paid,Delivered,4.7,29,Not Returned,"1,365,250",LCL1250,,"Tuesday, 26 August 2025"
Naomi Ochieng,Individual,56,Eastern,Machakos,Athi River,Athi River Yard,Samuel Mutua,Phone Call,Mitsubishi,Pajero,Suv,2025,Petrol,Automatic,Green,1,"5,509,000","4,827,000",3,"172,000","169,000",M-Pesa,Complete,Delivered,4.3,21,Returned,"6,070,000",ORD1063,"Friday, 3 January 2025","Wednesday, 26 March 2025"
Mary Wanjiku,Government,56,Rift Valley,Uasin Gishu,Eldoret,Eldoret Yard,Grace Njeri,Walk In,Toyota,Axio,Sedan,2016,Hybrid,Automatic,Pearl,1,"1,875,000","1,638,000",0,"48,000",,Bankers Cheque,Pending,At The Yard,3.7,20,Not Returned,"1,055,250",ORD1217,"Friday, 5 September 2025","Saturday, 7 June 2025"
Winnie Wanjiku,Car Dealer,57,Coast,Mombasa,Mombasa,Mombasa Port Yard,Peter Kiptoo,Instagram,Subaru,Forester,Suv,2021,Petrol,Automatic,Grey,1,"3,889,000","3,176,000",15,"143,000","139,000",Bankers Cheque,Paid,Delivered,3.3,,Not Returned,"3,448,650",CAR1055,"Friday, 15 August 2025","Wednesday, 27 August 2025"
Hassan Mwangi,Individual,57,Nairobi,Nairobi,Nairobi,Nairobi Yard,Faith Achieng,Instagram,Honda,Vezel,Crossover,2026,Petrol,Automatic,Grey,1,"3,028,000","2,401,000",1,"23,000","60,000",M-Pesa,Cancelled,Cancelled,2.7,0,Not Returned,,LC1198,"Monday, 27 October 2025",
Brian Wanjiku,Ngo,58,Central,Kiambu,Thika,Thika Yard,Mary Wanjiku,Instagram,Toyota,Land Cruiser,Suv,2018,Gasoline,Automatic,Grey,1,"14,682,000","11,987,000",0,,"151,000",Wire Transfer,Paid,Cancelled,2.8,3,Not Returned,"6,509,080",ORD1201,,"Tuesday, 24 February 2026"
Grace Kiptoo,Ngo,58,Rift Valley,Uasin Gishu,Eldoret,Eldoret Yard,Mercy Atieno,Walk In,Subaru,Impreza,Sedan,2022,Hybrid,Automatic,Pearl,1,"2,150,000","1,852,000",0,"62,000","80,000",Cash,Complete,Delivered,4.9,20,Not Returned,"1,674,500",LCL1243,"Sunday, 2 February 2025","Friday, 21 February 2025"
Grace Kiptoo,Government,59,Rift Valley,Nakuru,Nakuru,Nakuru Yard,Daniel Kimani,Facebook,Subaru,Outback,Wagon,2016,Petrol,Automatic,Silver,1,"3,495,000","3,038,000",10,"58,000","56,000",M-Pesa,Completed,In Transit,4,15,Not Returned,"3,203,500",CAR1264,"Sunday, 21 September 2025","Monday, 29 September 2025"
Mercy Mutua,Ngo,59,Central,Kiambu,Thika,Thika Yard,Aisha Mohamed,Phone Call,Mercedes,C200,Sedan,2019,Hybrid,Automatic,Green,1,"4,952,000",,0,"167,000","157,000",Cash,Paid,Delivered,4,13,Not Returned,,ORD1145,,"Monday, 1 December 2025"
Faith Mwangi,Ngo,61,Rift Valley,Uasin Gishu,Eldoret,Eldoret Yard,Daniel Kimani,Whatsapp,Honda,Vezel,Crossover,2024,Petrol,Automatic,White,1,"2,642,000","2,349,000",0,"94,000",,Bank Transfer,Paid,Cancelled,2.2,12,Not Returned,"2,736,000",CAR1154,,"Saturday, 28 February 2026"
Mary Mohamed,Corporate,61,Nyanza Region,Kisumu,Kisumu,Kisumu Yard,Grace Njeri,Instagram,Toyota,Prado Tx,Suv,2015,Gasoline,Automatic,White,1,"6,845,000","5,632,000",0,"178,000","148,000",Wire Transfer,Paid,Cancelled,2.8,32,Not Returned,"6,338,500",LC1158,"Wednesday, 13 August 2025","Friday, 15 August 2025"
Samuel Ochieng,Government,62,Rift Valley,Nakuru,Nakuru,Nakuru Yard,Samuel Mutua,Walk In,Toyota,Harrier,Suv,2022,Diesel,Automatic,Silver,1,"4,862,000",,12,"125,000","160,000",Cash,Partially Paid,In Transit,3.6,1,Not Returned,"4,403,560",LCL1136,"Friday, 19 June 2026","Saturday, 11 July 2026"
Linda Wafula,Car Dealer,63,Coast,Mombasa,Mombasa,Mombasa Port Yard,Mary Wanjiku,Whatsapp,Subaru,Forester,Suv,2023,Petrol,Automatic,Grey,1,"3,240,000",,0,0,"172,000",Asset Financing,Paid,Delivered,2.1,42,Not Returned,"3,313,800",LC1265,"Saturday, 27 December 2025","Sunday, 1 February 2026"
Winnie Njeri,Car Dealer,63,Eastern,Machakos,Athi River,Athi River Yard,Aisha Mohamed,Facebook,Mitsubishi,Canter,Truck,2016,Petrol,Automatic,Green,1,"4,338,000","3,534,000",15,"119,000","130,000",Bank Transfer,Cancelled,Cancelled,3.5,37,Not Returned,0,ORD1151,,"Thursday, 24 July 2025"
Joseph Omondi,Corporate,64,Coast,Mombasa,Mombasa,Mombasa Port Yard,Brian Otieno,Corporate Tender,Mitsubishi,Outlander,Suv,2021,Petrol,Automatic,Black,1,"3,444,000","2,841,000",0,"164,000","225,000",Bankers Cheque,Paid,Delivered,4.4,27,Not Returned,"3,539,120",CAR1248,"Tuesday, 11 November 2025","Tuesday, 9 December 2025"
Peter Mutua,Individual,65,Rift Valley,Nakuru,Nakuru,Nakuru Yard,Brian Otieno,Whatsapp,Toyota,Harrier,Suv,2026,Petrol,Automatic,Blue,1,"4,445,000","3,843,000",12,"46,000","52,000",Bank Transfer,Pending,Delivered,4.2,27,Returned,"3,957,600",CAR1227,"Tuesday, 7 January 2025","Monday, 7 July 2025"
N/A,Retail,65,Eastern,Machakos,Athi River,Athi River Yard,Faith Achieng,Walk In,Subaru,Outback,Wagon,2016,Diesel,Automatic,Black,1,"3,715,000","2,969,000",0,"845,000","174,000",Cash,Paid,Delivered,2.5,,Not Returned,"3,698,250",ORD1099,"Monday, 15 September 2025","Friday, 10 October 2025"
Victor Kiptoo,Government,66,Rift Valley,Uasin Gishu,Eldoret,Eldoret Yard,Grace Njeri,Phone Call,Bmw,Bmw X5,Sedan,2019,Hybrid,Automatic,Grey,1,"4,279,000","3,511,000",0,"31,000","42,000",Bankers Cheque,Cancelled,Cancelled,3.6,12,Returned,,LC1241,"Thursday, 16 October 2025","Saturday, 15 November 2025"
James Kariuki,Ngo,67,Central,Kiambu,Thika,Thika Yard,Samuel Mutua,Referral,Mitsubishi,Canter,Truck,2020,Hybrid,Automatic,White,1,"3,544,000","3,151,000",0,"130,000",,Bank Transfer,Pending,Delivered,2.5,5,Not Returned,"3,565,680",ORD1124,"Sunday, 8 March 2026","Tuesday, 17 March 2026"
Faith Mwangi,Individual,67,Western,Kakamega,Kakamega,Kakamega Yard,Daniel Kimani,Facebook,Subaru,Subaru,Crossover,2017,Petrol,Automatic,Black,1,,"1,831,000",0,"84,000","73,000",Bank Transfer,Cancelled,Delivered,5,13,Returned,0,ORD1231,"Friday, 16 May 2025","Monday, 19 May 2025"
Victor Ochieng,Individual,68,Coast,Mombasa,Mombasa,Mombasa Port Yard,Grace Njeri,Instagram,Honda,Vezel,Crossover,2018,Petrol,Automatic,Silver,1,"2,789,000",,0,"40,000","40,000",Cash,Paid,Delayed,3.2,4,Returned,"2,270,200",LCL1102,"Sunday, 3 May 2026","Friday, 29 May 2026"
James Kariuki,Ngo,68,Nyanza Region,Kisumu,Kisumu,Kisumu Yard,Grace Njeri,Walk In,Honda,Vezel,Crossover,2024,Petrol,Automatic,White,1,"2,745,000","2,428,000",,,"142,000",Bank Transfer,Paid,Delivered,3.8,6,Returned,"1,231,625",ORD1015,,"Saturday, 29 November 2025"
Naomi Mutua,Corporate,,Coast,Mombasa,Mombasa,Mombasa Port Yard,Faith Achieng,Phone Call,Honda,Vezel,Crossover,2024,Hybrid,Automatic,Blue,1,"2,443,000","2,208,000",0,"52,000",,Cash,Paid,Delivered,2.8,29,Not Returned,"4,843,420",LC1224,"Friday, 21 March 2025","Sunday, 6 April 2025"
Joy Chebet,Car Dealer,,Nairobi,Nairobi,Nairobi,Nairobi Yard,Brian Otieno,Website,Toyota,Hiace,Van,2025,Petrol,Automatic,Blue,1,"5,377,000","4,429,000",0,"73,000","116,000",Bankers Cheque,Paid,At The Yard,4,4,Not Returned,"5,450,000",ORD1115,"Friday, 13 March 2026","Friday, 4 September 2026"
Grace Mutua,Government,,Nairobi,Nairobi,Nairobi,Nairobi Yard,Kevin Mwangi,Facebook,Toyota,Corolla,Sedan,2026,Petrol,Manual,Pearl,1,"1,932,000","1,648,000",0,"114,000","120,000",Bankers Cheque,Paid,Delivered,3.6,9,Returned,"1,814,160",LCL1011,"Monday, 2 June 2025","Tuesday, 17 June 2025"
Grace Nyambura,Government,,Eastern,Machakos,Athi River,Athi River Yard,Grace Njeri,Walk In,Mazda,Demio,Hatchback,2021,Petrol,A/T,Red,1,"1,269,000","1,085,000",0,"57,000","68,000",Bankers Cheque,Paid,At The Yard,4.7,34,Returned,"1,072,200",LCL1239,"Thursday, 14 May 2026","Tuesday, 6 January 2026"
Daniel Mugambi,Car Dealer,,Eastern,Machakos,Athi River,Athi River Yard,Mercy Atieno,Website,Mitsubishi,Canter,Truck,2015,Gasoline,M/T,Pearl,1,"3,583,000","2,884,000",0,0,"83,000",Cash,Pending,Delayed,2.1,0,Not Returned,"1,545,275",CAR1256,"Thursday, 29 May 2025",
Peter Maina,Corporate,,Nyanza Region,Kisumu,Kisumu,Kisumu Yard,Daniel Kimani,Corporate Tender,Nissan,Xtrail,Suv,2020,Petrol,Manual,Pearl,1,0,"2,632,000",1,"18,000","26,000",Bank Transfer,Cancelled,Cancelled,4.1,12,Returned,0,ORD1253,"Thursday, 27 February 2025","Tuesday, 18 March 2025"
Daniel Kimani,Individual,,Coast,Mombasa,Mombasa,Mombasa Port Yard,Peter Kiptoo,Facebook,Toyota,Harrier,Suv,2025,Gasoline,Manual,Black,1,"4,823,000","4,086,000",,"152,000","136,000",Asset Financing,Complete,Delivered,2.8,23,Not Returned,"4,733,850",LC1050,"Tuesday, 3 June 2025",
Joseph Mwangi,Ngo,,Central,Kiambu,Thika,Thika Yard,Mercy Atieno,Walk In,Toyota,Axio,Sedan,2017,Hybrid,Automatic,Blue,1,"1,651,000","1,489,000",0,"90,000","114,000",M-Pesa,Partially Paid,Delivered,3.8,32,Returned,"1,542,880",LCL1143,"Friday, 11 April 2025","Thursday, 5 June 2025"
Carol Maina,Retail,,Rift Valley,Uasin Gishu,Eldoret,Eldoret Yard,Brian Otieno,Instagram,Mitsubishi,Outlander,Suv,2025,Petrol,Manual,Black,1,"3,367,000","2,607,000",0,"146,000","201,000",Asset Financing,Pending,Delayed,3.4,11,Not Returned,"3,419,856",LC1208,"Friday, 25 April 2025","Thursday, 30 April 2026"
Kevin Mutua,Corporate,,Nyanza Region,Kisumu,Kisumu,Kisumu Yard,Aisha Mohamed,Walk In,Toyota,Hiace,Van,2026,Hybrid,M/T,White,1,"5,054,000","4,030,000",0,"177,000","133,000",Bankers Cheque,Partially Paid,In Transit,2.1,3,Not Returned,"4,978,300",ORD1123,"Sunday, 8 March 2026","Saturday, 4 April 2026"
Mercy Kariuki,Car Dealer,,Central,Kiambu,Thika,Thika Yard,Grace Njeri,Website,Toyota,Land Cruiser,Suv,2025,Petrol,Manual,Grey,1,"122,420,000","9,382,000",,"170,000",,M-Pesa,Deposit Paid,Delivered,3.6,15,Not Returned,"-2,283,399",LC1192,"Sunday, 6 April 2025","Friday, 18 April 2025"
John Njeri,Individual,,Nyanza Region,Kisumu,Kisumu,Kisumu Yard,Mercy Atieno,Walk In,Mitsubishi,Pajero,Suv,2018,Petrol,Manual,Black,1,"5,101,000","4,424,000",20,"80,000","124,000",Cash,Pending,Cancelled,3.5,34,Not Returned,"4,160,800",LCL1147,"Friday, 20 February 2026","Friday, 27 February 2026"
Unknown,Car Dealer,,Western,Kakamega,Kakamega,Kakamega Yard,Brian Otieno,Instagram,Toyota,Hiace,Van,2025,Hybrid,Manual,Grey,1,"5,612,000","4,319,000",0,"67,000","82,000",M-Pesa,Paid,At The Yard,,35,Not Returned,"5,286,160",CAR1177,,"Wednesday, 17 September 2025"
Linda Achieng,Government,22,Central,Kiambu,Thika,Thika Yard,Kevin Mwangi,Facebook,Subaru,Forester,Suv,2018,Petrol,Manual,Black,1,"3,507,000","2,876,000",0,"120,000","98,000",Cash,Completed,Delivered,2.6,26,Not Returned,"3,206,160",ORD1144,"Saturday, 23 August 2025",
Faith Achieng,Government,23,Western,Kakamega,Kakamega,Kakamega Yard,Daniel Kimani,Phone Call,Toyota,Fielder,Wagon,2026,Diesel,Manual,White,1,"1,965,000","1,712,000",0,"121,000","120,000",Asset Financing,Pending,Delivered,3.5,42,Not Returned,"2,086,000",ORD1066,"Wednesday, 4 March 2026","Sunday, 8 March 2026"
Samuel Kiptoo,Car Dealer,25,Coast,Mombasa,Mombasa,Mombasa Port Yard,Peter Kiptoo,Referral,Mercedes,C200,Saloon,2019,Petrol,Automatic,Green,1,"5,159,000","4,663,000",15,"73,000","78,000",Cash,Completed,Delivered,2.3,43,Not Returned,"4,458,150",ORD1090,"Friday, 5 June 2026","Friday, 22 May 2026"
James Maina,Corporate,25,Rift Valley,Nakuru,Nakuru,Nakuru Yard,Faith Achieng,Facebook,Honda,Fit,Hatchback,2015,Petrol,Manual,Blue,1,"1,275,000",,0,"160,000",,Bank Transfer,Paid,Delivered,2.4,41,Not Returned,"1,409,500",CAR1205,"Monday, 4 May 2026","Saturday, 4 July 2026"
John Kiptoo,Corporate,25,Rift Valley,Nakuru,Nakuru,Nakuru Yard,Samuel Mutua,Referral,Nissan,Xtrail,Suv,2020,Petrol,M/T,Green,1,"3,164,000","2,506,000",0,"33,000","60,000",M-Pesa,Paid,In Transit,4,17,Not Returned,"2,880,600",LCL1179,"Saturday, 3 October 2026","Saturday, 4 April 2026"
Linda Nyambura,Car Dealer,26,Western,Kakamega,Kakamega,Kakamega Yard,Mary Wanjiku,Referral,Nissan,Note,Hatchback,2026,Petrol,A/T,Silver,1,"1,283,000","1,000,000",0,"30,000","70,000",Asset Financing,Paid,Delivered,,24,Returned,,LCL1261,"Friday, 5 December 2025","Wednesday, 31 December 2025"
Daniel Otieno,Ngo,27,Central,Kiambu,Thika,Thika Yard,Grace Njeri,Corporate Tender,Mazda,Cx5,Suv,2016,Diesel,Manual,Blue,1,"3,746,000","3,299,000",0,"31,000","59,000",Cash,Pending,Delivered,2.1,24,Not Returned,"3,702,080",ORD1043,"Saturday, 18 October 2025","Thursday, 13 November 2025"
Kevin Otieno,County Government,28,Rift Valley,Uasin Gishu,Eldoret,Eldoret Yard,Samuel Mutua,Phone Call,Honda,Vezel,Crossover,2015,Diesel,Manual,White,1,"2,755,000","2,483,000",15,"40,000","73,000",Bankers Cheque,Paid,In Transit,4.3,0,Not Returned,"1,190,875",CAR1209,"Wednesday, 24 September 2025","Friday, 24 October 2025"
James Wafula,Ngo,28,Central,Kiambu,Thika,Thika Yard,Peter Kiptoo,Instagram,Subaru,Forester,Suv,2020,Hybrid,A/T,Pearl,1,"3,586,000","2,977,000",1,"106,000","84,000",Cash,Paid,Delivered,3.3,33,Not Returned,"-611,199",CAR1039,"Monday, 4 May 2026","Tuesday, 5 May 2026"
Mary Maina,Ngo,28,Rift Valley,Nakuru,Nakuru,Nakuru Yard,Faith Achieng,Facebook,Mercedes,C200,Sedan,2015,Diesel,A/T,Red,1,"5,736,000","4,678,000",0,"72,000","80,000",Cash,Complete,Delayed,2.4,1,Returned,"5,693,280",CAR1238,"Friday, 24 October 2025",
John Mwangi,Corporate,31,Coast,Mombasa,Mombasa,Mombasa Port Yard,Faith Achieng,Website,Mazda,Cx5,Suv,2016,Diesel,A/T,Blue,1,"3,656,000","3,320,000",0,"91,000","122,000",Bankers Cheque,Paid,In Transit,4.7,9,Not Returned,"3,200,000",ORD1138,"Thursday, 29 May 2025","Monday, 23 June 2025"
Grace Kimani,Ngo,32,Central,Kiambu,Thika,Thika Yard,Kevin Mwangi,Instagram,Toyota,Harrier,Suv,2016,Hybrid,Manual,Pearl,1,"5,067,000","4,499,000",5,"168,000","150,000",Bankers Cheque,Pending,Delivered,4.7,33,Not Returned,"4,981,650",ORD1166,"Thursday, 11 September 2025","Friday, 26 September 2025"
N/A,Car Dealer,32,Eastern,Machakos,Athi River,Athi River Yard,Faith Achieng,Phone Call,Volkswagen,Golf,Hatchback,2016,Diesel,M/T,Black,1,"1,944,000",0,0,"104,000","143,000",Cash,Paid,Delivered,4.1,14,Not Returned,"1,932,040",ORD1062,"Thursday, 27 February 2025","Tuesday, 25 March 2025"
James Chebet,Car Dealer,33,Nyanza Region,Kisumu,Kisumu,Kisumu Yard,Mercy Atieno,Facebook,Mitsubishi,Pajero,Suv,2019,Petrol,A/T,White,1,"5,268,000","4,117,000",0,"52,000","73,000",Cash,Paid,Delivered,3.9,8,Returned,"4,793,200",LCL1112,,"Friday, 6 March 2026"
Victor Maina,Individual,35,Rift Valley,Nakuru,Nakuru,Nakuru Yard,Mercy Atieno,Whatsapp,Toyota,Hillux,Pickup,2018,Petrol,A/T,Blue,1,"5,032,000","4,477,000",1,0,"222,000",Bankers Cheque,Paid,Delivered,3.4,25,Returned,"2,684,000",LC1137,"Wednesday, 14 May 2025","Thursday, 6 March 2025"
Carol Ochieng,Ngo,35,Western,Kakamega,Kakamega,Kakamega Yard,Brian Otieno,Phone Call,Toyota,Axio,Sedan,2021,Hybrid,A/T,Green,1,,"1,581,000",10,"97,000","157,000",Wire Transfer,Paid,At The Yard,2.5,24,Returned,"1,767,400",LCL1167,"Thursday, 30 April 2026","Monday, 17 March 2025"
Hassan Kimani,Car Dealer,35,Central,Kiambu,Thika,Thika Yard,Brian Otieno,Facebook,Toyota,Harrier,Suv,2016,Petrol,A/T,Silver,1,"4,994,000","4,186,000",0,"70,000","89,000",M-Pesa,Pending,In Transit,3.6,12,Returned,"4,814,300",CAR1051,"Saturday, 16 May 2026","Wednesday, 20 May 2026"
Joy Kariuki,Company,36,Eastern,Machakos,Athi River,Athi River Yard,Kevin Mwangi,Walk In,Nissan,Xtrail,Suv,2022,Petrol,A/T,Pearl,1,"3,631,000","2,829,000",0,"40,000","66,000",M-Pesa,Paid,Delivered,3.4,45,Not Returned,"3,676,000",LCL1236,"Wednesday, 17 September 2025","Wednesday, 3 September 2025"
Daniel Wafula,Corporate,38,Western,Kakamega,Kakamega,Kakamega Yard,Samuel Mutua,Corporate Tender,Bmw,Bmw X5,Sedan,2026,Diesel,A/T,Silver,1,"3,942,000","3,297,000",0,"29,000","75,000",Asset Financing,Paid,Delivered,3.6,,Returned,"3,695,059",ORD1010,"Monday, 13 April 2026","Monday, 5 January 2026"
Brian Kimani,Government,38,Central,Kiambu,Thika,Thika Yard,Aisha Mohamed,Facebook,Toyota,Prado Tx,Suv,2020,Hybrid,A/T,Green,1,"7,937,000","6,868,000",12,"119,000","133,000",Bank Transfer,Paid,Delivered,3.5,39,Returned,"7,103,560",ORD1027,"Wednesday, 23 April 2025","Thursday, 8 May 2025"
Winnie Achieng,Car Dealer,38,Western,Kakamega,Kakamega,Kakamega Yard,Aisha Mohamed,Website,Subaru,Forester,Suv,2020,Petrol,M/T,Grey,1,"3,535,000","2,774,000",2,"142,000","159,000",Wire Transfer,Paid,Delivered,3.5,24,Not Returned,"3,966,930",LC1091,"Saturday, 29 November 2025","Friday, 12 December 2025"
James Wafula,Government,39,Nyanza Region,Kisumu,Kisumu,Kisumu Yard,Grace Njeri,Referral,Mitsubishi,Pajero,Suv,2023,Diesel,Automatic,Grey,1,"4,376,000","3,530,000",,"93,000","116,000",Asset Financing,Paid,At The Yard,2.7,14,Returned,"4,162,679",ORD1252,"Thursday, 23 January 2025",
Kevin Muthoni,Corporate,39,Central,Kiambu,Thika,Thika Yard,Faith Achieng,Referral,Toyota,Prado Tx,Suv,2025,Diesel,Automatic,Pearl,1,"7,979,000","6,677,000",10,"60,000","62,000",Bank Transfer,Paid,Delivered,2.5,0,Not Returned,"7,241,100",LCL1180,"Wednesday, 18 February 2026","Friday, 27 February 2026"
Peter Maina,Individual,41,Rift Valley,Nakuru,Nakuru,Nakuru Yard,Daniel Kimani,Facebook,Toyota,Corolla,Saloon,2017,Hybrid,Manual,White,1,"2,147,000","1,830,000",0,"88,000","69,000",Asset Financing,Canceled,Cancelled,2.8,41,Not Returned,"2,084,709",ORD1161,"Monday, 10 November 2025",
Mercy Muthoni,Government,41,Nyanza Region,Kisumu,Kisumu,Kisumu Yard,Daniel Kimani,Whatsapp,Subaru,Forester,Suv,2020,Diesel,Automatic,Silver,1,0,"3,054,000",0,"54,000","63,000",Cash,Paid,In Transit,3.2,20,Not Returned,"3,648,800",LCL1237,"Tuesday, 16 December 2025","Wednesday, 4 November 2026"
John Achieng,Individual,41,Coast,Mombasa,Mombasa,Mombasa Port Yard,Samuel Mutua,Phone Call,Volkswagen,Golf,Hatchback,2025,Petrol,Manual,Silver,1,"1,927,000","1,730,000",2,"152,000",,Bankers Cheque,Paid,Delivered,5,20,Returned,"2,040,000",LC1251,"Wednesday, 15 January 2025","Monday, 5 May 2025"
Aisha Omondi,Individual,42,Western,Kakamega,Kakamega,Kakamega Yard,Brian Otieno,Website,Toyota,Harrier,Suv,2015,Hybrid,Manual,Grey,1,"3,937,000","3,540,000",0,"92,000","101,000",Asset Financing,Paid,Delivered,4.4,27,Not Returned,"3,782,295",ORD1220,"Friday, 17 January 2025","Friday, 24 January 2025"
Faith Muthoni,Corporate,42,Central,Kiambu,Thika,Thika Yard,Brian Otieno,Walk In,Isuzu,N-Series,Truck,2016,Petrol,Manual,Green,1,"4,916,000","4,095,000",3,"132,000","141,000",M-Pesa,Completed,Delivered,3.7,28,Not Returned,"4,900,520",ORD1122,"Thursday, 31 July 2025","Monday, 4 August 2025"
Hassan Maina,County Government,42,Nairobi,Nairobi,Nairobi,Nairobi Yard,Brian Otieno,Website,Toyota,Corolla,Sedan,2021,Diesel,Manual,White,1,"1,946,000","1,663,000",0,"120,000","190,000",Asset Financing,Refunded,At The Yard,3.7,24,Returned,0,LC1023,"Wednesday, 4 November 2026","Friday, 8 May 2026"
Joseph Kimani,Ngo,43,Nairobi,Nairobi,Nairobi,Nairobi Yard,Mercy Atieno,Corporate Tender,Toyota,Fielder,Wagon,2018,Petrol,Automatic,Red,1,"1,890,000","1,700,000",10,"36,000","57,000",Asset Financing,Paid,Cancelled,2.4,41,Not Returned,"1,732,500",ORD1174,"Saturday, 29 March 2025","Thursday, 17 April 2025"
Linda Wanjiku,Ngo,44,Nairobi,Nairobi,Nairobi,Nairobi Yard,Brian Otieno,Corporate Tender,Subaru,Impreza,Saloon,2024,Hybrid,A/T,Pearl,1,"1,728,000","1,452,000",0,"153,000","175,000",Bankers Cheque,Deposit Paid,Cancelled,3.9,6,Returned,"810,900",ORD1095,"Tuesday, 13 May 2025","Monday, 19 May 2025"
Aisha Wafula,Government,45,Rift Valley,Nakuru,Nakuru,Nakuru Yard,Aisha Mohamed,Phone Call,Toyota,Fielder,Wagon,2025,Petrol,Automatic,Grey,1,"1,876,000","1,669,000",0,"86,000","119,000",Cash,Awaiting Payment,Delivered,4.7,10,Not Returned,"1,962,000",LCL1116,"Monday, 16 March 2026","Friday, 4 September 2026"
Grace Otieno,Government,45,Central,Kiambu,Thika,Thika Yard,Kevin Mwangi,Referral,Subaru,Outback,Wagon,2015,Gasoline,A/T,Grey,1,"4,018,000","3,654,000",0,"67,000","99,000",Cash,Paid,At The Yard,2.9,32,Not Returned,"3,602,840",LCL1118,"Monday, 1 December 2025","Saturday, 13 December 2025"
Faith Wafula,Government,45,Western,Kakamega,Kakamega,Kakamega Yard,Brian Otieno,Referral,Nissan,Juke,Crossover,2025,Electric,Manual,Blue,1,"2,200,000","1,798,000",0,"130,000","127,000",Bankers Cheque,Pending,Delivered,4.6,28,Not Returned,,CAR1169,"Sunday, 21 December 2025","Sunday, 4 January 2026"
Mercy Wanjiku,Corporate,45,Rift Valley,Uasin Gishu,Eldoret,Eldoret Yard,Kevin Mwangi,Corporate Tender,Honda,Vezel,Crossover,2025,Hybrid,A/T,Black,1,"2,920,000","2,588,000",0,"140,000","188,000",M-Pesa,Complete,Cancelled,,1,Not Returned,,ORD1009,"Thursday, 4 September 2025","Wednesday, 30 April 2025"
Winnie Muthoni,Car Dealer,45,Western,Kakamega,Kakamega,Kakamega Yard,Grace Njeri,Corporate Tender,Honda,Vezel,Crossover,2015,Diesel,Automatic,White,1,"2,990,000","2,670,000",0,"30,000","42,000",Bankers Cheque,Paid,In Transit,4.3,2,Returned,"2,869,300",ORD1163,"Tuesday, 28 October 2025","Monday, 16 February 2026"
Naomi Muthoni,Individual,46,Rift Valley,Nakuru,Nakuru,Nakuru Yard,Daniel Kimani,Facebook,Mitsubishi,Outlander,Suv,2018,Petrol,A/T,Grey,1,"3,326,000","2,562,000",0,"51,000","82,000",Cash,Paid,Delayed,4.4,36,Returned,"3,044,400",LCL1002,"Wednesday, 26 March 2025","Sunday, 6 April 2025"
Mary Omondi,Car Dealer,47,Western,Kakamega,Kakamega,Kakamega Yard,Peter Kiptoo,Website,Toyota,Fielder,Wagon,2023,Petrol,Manual,Green,1,"1,990,000","1,697,000",0,"142,000","144,000",Wire Transfer,Cancelled,Delivered,2.2,,Returned,0,LC1257,"Monday, 12 January 2026","Tuesday, 20 January 2026"
James Muthoni,Government,48,Central,Kiambu,Thika,Thika Yard,Faith Achieng,Instagram,Nissan,Juke,Crossover,2026,Petrol,Automatic,Pearl,1,"2,166,000","1,847,000",0,"80,000","100,000",Asset Financing,Pending,Delivered,2.5,10,Returned,"2,244,000",LC1006,"Monday, 20 October 2025","Monday, 27 October 2025"
Hassan Maina,Individual,48,Nairobi,Nairobi,Nairobi,Nairobi Yard,Peter Kiptoo,Referral,Toyota,Prado Tx,Suv,2020,Petrol,Manual,Red,1,"6,760,000","5,654,000",0,"70,000","86,000",Bankers Cheque,Paid,Delivered,2.5,29,Returned,"6,830,000",LC1045,,"Tuesday, 26 August 2025"
Samuel Njeri,Car Dealer,49,Western,Kakamega,Kakamega,Kakamega Yard,Mercy Atieno,Instagram,Bmw,Bmw X5,Suv,2023,Diesel,Manual,Pearl,1,"9,573,000","7,362,000",2,"155,000","230,000",Bankers Cheque,Paid,At The Yard,3.3,26,Not Returned,"19,073,080",LCL1075,"Tuesday, 23 December 2025","Tuesday, 13 January 2026"
Hassan Mutua,Car Dealer,49,Central,Kiambu,Thika,Thika Yard,Kevin Mwangi,Facebook,Volkswagen,Tiguan,Suv,2018,Petrol,A/T,Grey,1,"4,943,000","4,111,000",,"111,000","128,000",Asset Financing,Paid,Delivered,4.7,7,Returned,"4,955,140",ORD1111,"Sunday, 2 November 2025","Saturday, 29 November 2025"
Joy Wanjiku,Individual,51,Coast,Mombasa,Mombasa,Mombasa Port Yard,Aisha Mohamed,Whatsapp,Toyota,Prado Tx,Suv,2021,Petrol,Automatic,Blue,1,"7,151,000","5,443,000",0,"131,000","164,000",Cash,Pending,Delivered,4.5,19,Returned,,LC1093,"Saturday, 21 June 2025","Monday, 21 July 2025"
Brian Maina,Ngo,52,Rift Valley,Uasin Gishu,Eldoret,Eldoret Yard,Faith Achieng,Walk In,Mazda,Demio,Hatchback,2023,Diesel,A/T,Pearl,1,"1,185,000","948,000",0,"141,000","159,000",M-Pesa,Paid,In Transit,4,,Not Returned,"1,290,450",CAR1273,"Wednesday, 17 June 2026","Friday, 10 July 2026"
Peter Maina,Ngo,52,Eastern,Machakos,Athi River,Athi River Yard,Daniel Kimani,Instagram,Subaru,Outback,Wagon,2024,Petrol,Automatic,White,1,"3,558,000","3,082,000",0,"156,000","233,000",Bank Transfer,Paid,In Transit,4.8,,Returned,"3,464,940",LC1188,"Thursday, 2 January 2025","Sunday, 5 January 2025"
Mary Mohamed,Car Dealer,53,Eastern,Machakos,Athi River,Athi River Yard,Peter Kiptoo,Walk In,Honda,Vezel,Crossover,1899,Electric,Manual,White,1,"2,601,000","2,350,000",5,"68,000","103,000",Bank Transfer,Pending,Delivered,2.8,32,Returned,"2,538,950",LCL1152,"Thursday, 21 August 2025","Saturday, 30 August 2025"
Faith Otieno,Individual,53,Central,Kiambu,Thika,Thika Yard,Aisha Mohamed,Whatsapp,Nissan,Xtrail,Suv,2026,Petrol,Automatic,Red,1,"3,604,000",,15,"104,000","89,000",Cash,Pending,Delivered,2.1,1,Not Returned,"3,167,400",LCL1036,"Sunday, 5 January 2025","Friday, 24 January 2025"
Kevin Njeri,Individual,53,Coast,Mombasa,Mombasa,Mombasa Port Yard,Peter Kiptoo,Whatsapp,Toyota,Harrier,Suv,2022,Petrol,Automatic,Red,1,"4,615,000","4,036,000",0,0,"180,000",Bankers Cheque,Paid,Delivered,5,4,Not Returned,"4,306,500",ORD1194,"Thursday, 10 July 2025","Saturday, 28 February 2026"
Grace Chebet,Car Dealer,54,Coast,Mombasa,Mombasa,Mombasa Port Yard,Aisha Mohamed,Corporate Tender,Toyota,Prado Tx,Suv,2015,Petrol,Automatic,White,1,"7,473,000","6,501,000",0,"70,000","129,000",Bankers Cheque,Paid,Delivered,,35,Not Returned,"7,019,890",LCL1159,"Tuesday, 21 January 2025","Wednesday, 5 February 2025"
Mercy Mohamed,Individual,54,Nyanza Region,Kisumu,Kisumu,Kisumu Yard,Faith Achieng,Corporate Tender,Subaru,Impreza,Sedan,2021,Petrol,A/T,Silver,1,"2,177,000","1,699,000",0,"64,000","74,000",Asset Financing,Completed,In Transit,2.2,42,Not Returned,"1,914,450",ORD1047,"Thursday, 16 April 2026","Sunday, 26 April 2026"
Hassan Kariuki,Ngo,54,Coast,Mombasa,Mombasa,Mombasa Port Yard,Kevin Mwangi,Phone Call,Volkswagen,Tiguan,Suv,2025,Petrol,Automatic,Pearl,1,"5,036,000","4,380,000",0,"25,000","55,000",Bank Transfer,Complete,In Transit,3.2,25,Not Returned,"4,557,400",LCL1024,"Monday, 23 February 2026",
James Kiptoo,Government,55,Eastern,Machakos,Athi River,Athi River Yard,Peter Kiptoo,Instagram,Mercedes,Gle,Suv,,Petrol,Manual,Silver,1,"11,837,000","10,733,000",0,"41,000","60,000",M-Pesa,Pending,At The Yard,2.6,6,Not Returned,"11,878,000",LCL1061,"Saturday, 15 March 2025","Thursday, 3 April 2025"
Daniel Maina,Corporate,55,Rift Valley,Nakuru,Nakuru,Nakuru Yard,Mary Wanjiku,Walk In,Isuzu,Dmax,Pickup,2023,Hybrid,Automatic,Red,1,"4,302,000","3,753,000",0,"42,000","38,000",Bank Transfer,Paid,In Transit,3,10,Not Returned,"4,214,940",LC1104,"Wednesday, 9 April 2025","Monday, 21 April 2025"
Winnie Kiptoo,Individual,56,Eastern,Machakos,Athi River,Athi River Yard,Samuel Mutua,Facebook,Toyota,Corolla,Sedan,1899,Electric,Automatic,Red,1,"2,015,000","1,676,000",0,"82,000","96,000",Bankers Cheque,Paid,Delivered,2.4,12,Not Returned,"1,794,750",ORD1175,"Friday, 3 October 2025","Wednesday, 22 October 2025"
Naomi Otieno,Individual,57,Central,Kiambu,Thika,Thika Yard,Faith Achieng,Referral,Toyota,Hillux,Pickup,2018,Gasoline,A/T,White,1,"6,132,000","5,461,000",10,"137,000","103,000",M-Pesa,Partial,In Transit,4.2,16,Not Returned,"6,193,980",ORD1254,"Saturday, 4 October 2025","Wednesday, 30 April 2025"
Joseph Mugambi,Ngo,57,Nyanza Region,Kisumu,Kisumu,Kisumu Yard,Mercy Atieno,Walk In,Volkswagen,Tiguan,Suv,2019,Petrol,Automatic,White,1,"4,093,000","3,477,000",0,"138,000","104,000",M-Pesa,Cancelled,Cancelled,2.1,34,Not Returned,0,LCL1054,"Wednesday, 12 November 2025","Tuesday, 23 December 2025"
Hassan Wanjiku,Car Dealer,57,Nairobi,Nairobi,Nairobi,Nairobi Yard,Brian Otieno,Referral,Bmw,Bmw X5,Sedan,2016,Diesel,M/T,Pearl,1,"4,349,000","3,923,000",0,"40,000","65,000",Bankers Cheque,Cancelled,Cancelled,,12,Not Returned,0,LCL1249,"Sunday, 26 October 2025",
Grace Otieno,Individual,58,Rift Valley,Nakuru,Nakuru,Nakuru Yard,Grace Njeri,Corporate Tender,Honda,Fit,Hatchback,2026,Petrol,A/T,Green,1,"1,458,000","1,277,000",5,"142,000","223,000",Bank Transfer,Cancelled,Cancelled,1,21,Returned,0,LCL1190,"Thursday, 27 November 2025","Friday, 19 December 2025"
Faith Otieno,Individual,58,Rift Valley,Uasin Gishu,Eldoret,Eldoret Yard,Mercy Atieno,Phone Call,Mitsubishi,Outlander,Suv,2019,Petrol,Manual,Black,1,"3,433,000","3,046,000",,"70,000","96,000",Bank Transfer,Paid,Delivered,2.5,24,Returned,"3,434,340",CAR1087,"Wednesday, 4 June 2025","Friday, 6 June 2025"
Winnie Njeri,Car Dealer,58,Nairobi,Nairobi,Nairobi,Nairobi Yard,Kevin Mwangi,Website,Toyota,Harrier,Suv,2025,Diesel,Manual,White,1,"4,102,000","3,684,000",1,"83,000","98,000",Asset Financing,Refunded,In Transit,2.5,1,Returned,"737,399",CAR1223,"Thursday, 3 September 2026","Tuesday, 28 April 2026"
Naomi Chebet,Government,58,Western,Kakamega,Kakamega,Kakamega Yard,Mercy Atieno,Referral,Mercedes,C200,Sedan,2021,Petrol,Automatic,Blue,1,"4,549,000","4,065,000",0,"121,000",,M-Pesa,Partially Paid,Delayed,4.6,10,Not Returned,"4,215,100",ORD1078,"Tuesday, 3 November 2026","Thursday, 30 April 2026"
Victor Kiptoo,Ngo,58,Rift Valley,Uasin Gishu,Eldoret,Eldoret Yard,Mercy Atieno,Corporate Tender,Mitsubishi,Outlander,Suv,2016,Diesel,A/T,Red,1,"2,971,000","2,589,000",0,"146,000",,Wire Transfer,Paid,Delivered,3.1,0,Returned,"2,760,480",CAR1131,,"Wednesday, 9 July 2025"
Mercy Ochieng,Government,59,Western,Kakamega,Kakamega,Kakamega Yard,Grace Njeri,Website,Nissan,Navara,Pickup,2017,Gasoline,Manual,Black,1,"4,654,000","4,089,000",0,"134,000","184,000",Bankers Cheque,Refunded,Delivered,4.6,2,Not Returned,0,CAR1049,"Tuesday, 9 September 2025","Sunday, 14 September 2025"
Kevin Wanjiku,Ngo,62,Nyanza Region,Kisumu,Kisumu,Kisumu Yard,Daniel Kimani,Instagram,Mercedes,E250,Saloon,2015,Petrol,Automatic,Black,1,"7,019,000","6,005,000",0,"145,000","175,000",Cash,Paid,Cancelled,2.4,41,Returned,,LCL1221,"Friday, 5 December 2025","Sunday, 14 December 2025"
Kevin Mwangi,Individual,63,Rift Valley,Nakuru,Nakuru,Nakuru Yard,Kevin Mwangi,Walk In,Toyota,Lc200,Suv,2023,Petrol,A/T,Green,1,"13,290,000","10,535,000",0,0,,M-Pesa,Pending,In Transit,3.5,29,Not Returned,"11,794,600",LCL1017,"Wednesday, 12 February 2025","Saturday, 15 February 2025"
Daniel Achieng,Retail,63,Western,Kakamega,Kakamega,Kakamega Yard,Faith Achieng,Whatsapp,Honda,Fit,Hatchback,2026,Petrol,M/T,Silver,1,"1,337,000","1,123,000",0,"36,000","78,000",Bankers Cheque,Pending,Delivered,2.5,23,Returned,"1,332,890",LCL1056,"Saturday, 25 January 2025","Monday, 2 June 2025"
Aisha Mutua,Corporate,64,Nyanza Region,Kisumu,Kisumu,Kisumu Yard,Brian Otieno,Website,Toyota,Harrier,Suv,2021,Petrol,A/T,Grey,1,"4,904,000","4,288,000",0,"59,000","74,000",Bankers Cheque,Completed,Delivered,1,6,Returned,"4,374,520",ORD1103,"Sunday, 4 October 2026","Thursday, 30 April 2026"
John Otieno,Ngo,64,Rift Valley,Nakuru,Nakuru,Nakuru Yard,Grace Njeri,Facebook,Mitsubishi,Pajero,Suv,2021,Hybrid,Automatic,Pearl,1,"5,553,000","4,970,000",0,"84,000","99,000",Bank Transfer,Refunded,Delivered,2.6,10,Returned,"5,359,350",LC1150,"Thursday, 20 March 2025","Thursday, 17 April 2025"
Samuel Mutua,Individual,64,Nairobi,Nairobi,Nairobi,Nairobi Yard,Grace Njeri,Whatsapp,Mitsubishi,Pajero,Suv,2023,Hybrid,Automatic,Blue,1,"4,783,000","4,203,000",0,"75,000",,Cash,Paid,Delivered,4.4,42,Not Returned,"4,762,340",ORD1004,"Tuesday, 17 March 2026","Friday, 20 March 2026"
Unknown,Ngo,65,Rift Valley,Uasin Gishu,Eldoret,Eldoret Yard,Aisha Mohamed,Walk In,Mazda,Demio,Hatchback,2020,Hybrid,A/T,Pearl,1,"1,183,000","931,000",15,"18,000","54,000",Asset Financing,Partially Paid,Delivered,3.3,2,Not Returned,"570,925",LC1260,"Monday, 13 April 2026","Monday, 22 September 2025"
John Mutua,Corporate,68,Rift Valley,Nakuru,Nakuru,Nakuru Yard,Samuel Mutua,Website,Mitsubishi,Canter,Truck,2025,Petrol,A/T,Black,1,"3,561,000","3,218,000",0,"164,000","233,000",Bankers Cheque,Cancelled,Delivered,2.8,25,Returned,"-3,368,900",ORD1155,"Friday, 28 March 2025","Wednesday, 16 April 2025"
Kevin Nyambura,Corporate,,Nyanza Region,Kisumu,Kisumu,Kisumu Yard,Mercy Atieno,Whatsapp,Subaru,Impreza,Sedan,2020,Gasoline,Manual,Black,1,"1,871,000","1,538,000",1,"25,000","52,000",Asset Financing,Paid,Delivered,5,3,Returned,"480,250",CAR1028,"Tuesday, 6 January 2026","Monday, 2 February 2026"
Brian Ochieng,Corporate,,Eastern,Machakos,Athi River,Athi River Yard,Daniel Kimani,Walk In,Toyota,Harrier,Suv,2026,Diesel,Automatic,Silver,2,"4,225,000",,0,"118,000","130,000",Cash,Paid,In Transit,4.6,5,Returned,"7,976,499",LC1042,"Tuesday, 11 March 2025",
N/A,Corporate,,Central,Kiambu,Thika,Thika Yard,Faith Achieng,Phone Call,Toyota,Land Cruiser,Suv,2022,Petrol,Automatic,Green,2,"13,695,000","12,337,000",0,"86,000","137,000",M-Pesa,Paid,Delivered,3.5,36,Returned,"23,367,500",CAR1026,"Friday, 17 October 2025","Thursday, 30 October 2025"
James Mohamed,Government,,Coast,Mombasa,Mombasa,Mombasa Port Yard,Aisha Mohamed,Instagram,Nissan,Xtrail,Suv,2016,Gasoline,A/T,Grey,2,"3,019,000","2,414,000",0,"40,000","63,000",M-Pesa,Partially Paid,Delayed,3.5,14,Not Returned,"4,655,070",LCL1121,"Wednesday, 15 October 2025","Friday, 14 November 2025"
Brian Kariuki,Corporate,,Rift Valley,Nakuru,Nakuru,Nakuru Yard,Aisha Mohamed,Referral,Mercedes,E250,Sedan,2016,Petrol,Automatic,White,3,"6,140,000","4,722,000",,"109,000","123,000",Cash,Paid,Delivered,3.3,21,Not Returned,"6,249,000",ORD1269,"Thursday, 30 April 2026","Wednesday, 22 April 2026"
Mercy Muthoni,Car Dealer,,Nyanza Region,Kisumu,Kisumu,Kisumu Yard,Peter Kiptoo,Instagram,Toyota,Harrier,Suv,2022,Petrol,A/T,Blue,7,"5,102,000","4,109,000",0,"104,000","119,000",M-Pesa,Pending,Delivered,2.7,3,Returned,"35,818,000",CAR1259,"Friday, 2 May 2025","Wednesday, 7 May 2025"
Aisha Kariuki,Corporate,,Eastern,Machakos,Athi River,Athi River Yard,Faith Achieng,Referral,Mitsubishi,Canter,Truck,2026,Petrol,Automatic,White,3,"3,956,000","3,277,000",0,"168,000","185,000",Cash,Partially Paid,Delivered,3.3,37,Not Returned,"4,044,880",LCL1172,"Saturday, 28 February 2026","Friday, 10 April 2026"
Faith Njeri,Ngo,,Rift Valley,Uasin Gishu,Eldoret,Eldoret Yard,Samuel Mutua,Facebook,Honda,Vezel,Crossover,2017,Diesel,Automatic,Green,2,"3,017,000","2,683,000",,"30,000","57,000",Bankers Cheque,Deposit Paid,Delivered,4.9,8,Not Returned,,LCL1270,"Tuesday, 29 April 2025","Wednesday, 30 April 2025"
Kevin Ochieng,Government,,Nairobi,Nairobi,Nairobi,Nairobi Yard,Faith Achieng,Walk In,Volkswagen,Tiguan,Suv,2025,Petrol,Manual,Grey,3,"47,050,000","3,707,000",0,"38,000","62,000",Bank Transfer,Paid,Delivered,2.7,44,Not Returned,"-12,741,500",LCL1094,"Monday, 21 April 2025","Tuesday, 13 May 2025"
Carol Njeri,Government,,Coast,Mombasa,Mombasa,Mombasa Port Yard,Brian Otieno,Website,Toyota,Land Cruiser,Suv,2015,Gasoline,Automatic,White,2,"12,378,000","9,527,000",0,"113,000","146,000",M-Pesa,Partially Paid,In Transit,3.4,21,Not Returned,"24,126,320",CAR1101,"Tuesday, 21 April 2026","Thursday, 14 May 2026"
Null,County Government,,Western,Kakamega,Kakamega,Kakamega Yard,Brian Otieno,Website,Honda,Fit,Hatchback,2020,Petrol,Automatic,Blue,7,"1,242,000","1,010,000",,"155,000","210,000",Cash,Partially Paid,Delivered,3.7,44,Returned,"8,588,180",ORD1029,"Wednesday, 27 May 2026","Saturday, 6 June 2026"
Grace Wanjiku,Government,,Rift Valley,Uasin Gishu,Eldoret,Eldoret Yard,Faith Achieng,Referral,Honda,Vezel,Crossover,2026,Petrol,M/T,Red,2,"2,372,000","1,998,000",0,"153,000","100,000",Bank Transfer,Paid,At The Yard,3.5,20,Returned,"4,802,120",ORD1092,"Wednesday, 5 November 2025","Sunday, 30 November 2025"
Victor Ochieng,Car Dealer,,Western,Kakamega,Kakamega,Kakamega Yard,Faith Achieng,Website,Honda,Vezel,Crossover,2021,Diesel,Automatic,White,4,"2,635,000","2,265,000",,"74,000","111,000",Asset Financing,Paid,Delivered,3.8,11,Not Returned,"9,033,000",LCL1185,"Tuesday, 7 October 2025","Monday, 13 October 2025"
Brian Kimani,Government,,Western,Kakamega,Kakamega,Kakamega Yard,Grace Njeri,Corporate Tender,Subaru,Subaru,Crossover,2023,Petrol,Automatic,Red,4,"2,637,000",,0,0,"37,000",M-Pesa,Completed,At The Yard,5,22,Not Returned,"-10,079,600",LCL1014,"Monday, 21 April 2025","Monday, 19 May 2025"
Mary Mutua,Corporate,22,Rift Valley,Nakuru,Nakuru,Nakuru Yard,Samuel Mutua,Corporate Tender,Isuzu,N-Series,Truck,2016,Petrol,Manual,Pearl,2,"5,963,000","5,364,000",0,"34,000",,Cash,Cancel,Cancelled,2.1,23,Not Returned,0,LCL1266,"Sunday, 27 April 2025","Saturday, 5 April 2025"
Mercy Achieng,Individual,22,Nyanza Region,Kisumu,Kisumu,Kisumu Yard,Daniel Kimani,Website,Toyota,Harrier,Suv,2018,Petrol,Automatic,Grey,2,"4,665,000","3,928,000",10,"74,000","102,000",Asset Financing,Cancelled,Cancelled,1,29,Not Returned,"-5,205,500",LCL1071,"Friday, 4 July 2025","Monday, 13 April 2026"
Winnie Kiptoo,Ngo,22,Central,Kiambu,Thika,Thika Yard,Faith Achieng,Facebook,Mercedes,E250,Saloon,2020,Diesel,Manual,Grey,2,"6,770,000","5,980,000",0,"174,000","207,000",Cash,Partially Paid,Delayed,3.8,17,Not Returned,"12,766,200",ORD1008,"Friday, 21 February 2025","Sunday, 5 October 2025"
Joy Chebet,Company,22,Nyanza Region,Kisumu,Kisumu,Kisumu Yard,Brian Otieno,Referral,Honda,Fit,Hatchback,2018,Petrol,Automatic,Red,5,"1,275,000","1,105,000",,"42,000","58,000",M-Pesa,Partially Paid,Delivered,3.5,8,Returned,"5,779,500",LCL1173,,"Sunday, 17 May 2026"
Aisha Mugambi,Government,23,Rift Valley,Uasin Gishu,Eldoret,Eldoret Yard,Daniel Kimani,Instagram,Volkswagen,Golf,Hatchback,2021,Petrol,Automatic,Blue,4,"1,970,000",,0,"80,000","111,000",Bankers Cheque,Paid,Delivered,4.7,9,Not Returned,"7,014,400",CAR1070,"Friday, 11 July 2025","Wednesday, 23 July 2025"
Hassan Mwangi,Government,23,Rift Valley,Uasin Gishu,Eldoret,Eldoret Yard,Kevin Mwangi,Website,Mazda,Atenza,Sedan,2023,Petrol,Automatic,Blue,5,"2,565,000","2,330,000",,"170,000","191,000",Bank Transfer,Awaiting Payment,In Transit,4.3,2,Returned,"14,282,500",ORD1114,"Sunday, 19 October 2025","Saturday, 15 November 2025"
Joy Kariuki,Unknown,24,Western,Kakamega,Kakamega,Kakamega Yard,Faith Achieng,Whatsapp,Honda,Fit,Hatchback,2026,Diesel,A/T,Black,2,,"978,000",0,"39,000","42,000",M-Pesa,Paid,At The Yard,,22,Returned,"1,213,570",LCL1022,"Saturday, 8 March 2025","Thursday, 28 August 2025"
Grace Maina,Government,24,Western,Kakamega,Kakamega,Kakamega Yard,Kevin Mwangi,Instagram,Honda,Fit,Hatchback,2020,Gasoline,Automatic,Green,2,,"1,126,000",10,"116,000","180,000",Bank Transfer,Paid,Delivered,2.2,,Not Returned,"2,411,000",LCL1140,"Monday, 8 September 2025","Friday, 5 September 2025"
Faith Nyambura,Car Dealer,25,Rift Valley,Nakuru,Nakuru,Nakuru Yard,Grace Njeri,Referral,Toyota,Prado Tx,Suv,2016,Diesel,Automatic,White,1,"7,911,000","6,248,000",10,49000,"96,000",Cash,Partially Paid,Delivered,2,28,Returned,,LCL1255,"Friday, 21 March 2025","Tuesday, 4 February 2025"
Victor Mwangi,Government,25,Coast,Mombasa,Mombasa,Mombasa Port Yard,Kevin Mwangi,Instagram,Honda,CrV,Suv,2025,Petrol,Automatic,Red,2,"3,850,000","3,034,000",0,"125,000","142,000",Cash,Paid,Delayed,4.5,13,Not Returned,"3,832,560",LCL1129,"Saturday, 28 February 2026","Tuesday, 10 March 2026"
James Kiptoo,Government,25,Rift Valley,Uasin Gishu,Eldoret,Eldoret Yard,Mercy Atieno,Whatsapp,Honda,Fit,Hatchback,2026,Gasoline,Automatic,Green,3,"1,441,000","1,246,000",5,"29,000","36,000",M-Pesa,Paid,Delivered,4.3,8,Not Returned,"4,135,850",LCL1031,"Monday, 26 January 2026","Wednesday, 28 January 2026"
Faith Mwangi,Government,26,Rift Valley,Uasin Gishu,Eldoret,Eldoret Yard,Faith Achieng,Phone Call,Mazda,Axela,Sedan,2026,Hybrid,Automatic,Silver,2,"2,014,000","1,573,000",0,"60,000","50,000",Bankers Cheque,Cancelled,Cancelled,,12,Not Returned,0,LC1149,"Tuesday, 10 March 2026","Sunday, 8 March 2026"
Aisha Mohamed,Corporate,27,Nairobi,Nairobi,Nairobi,Nairobi Yard,Aisha Mohamed,Corporate Tender,Toyota,Hillux,Pickup,2020,Diesel,Automatic,Pearl,3,"5,527,000","4,841,000",12,"138,000","159,000",Cash,Paid,In Transit,5,13,Not Returned,"16,202,208",LCL1203,"Monday, 16 February 2026","Tuesday, 17 March 2026"
Mary Mutua,Government,27,Nyanza Region,Kisumu,Kisumu,Kisumu Yard,Brian Otieno,Corporate Tender,Isuzu,Dmax,Pickup,2023,Petrol,Automatic,Pearl,4,"4,625,000","3,590,000",0,"134,000","182,000",Bankers Cheque,Paid,Delivered,3.6,45,Returned,"17,709,000",CAR1207,"Saturday, 17 January 2026","Sunday, 8 February 2026"
Peter Ochieng,Corporate,27,Nyanza Region,Kisumu,Kisumu,Kisumu Yard,Samuel Mutua,Walk In,Mazda,Atenza,Sedan,2015,Diesel,Manual,Grey,5,"2,660,000","2,241,000",0,"141,000","137,000",Wire Transfer,Part Paid,At The Yard,3.2,36,Not Returned,"12,776,000",LC1200,"Thursday, 30 April 2026",
Carol Mwangi,Company,27,Western,Kakamega,Kakamega,Kakamega Yard,Samuel Mutua,Phone Call,Isuzu,Dmax,Pickup,2023,Petrol,Automatic,Green,3,"4,200,000","3,456,000",0,"112,000","148,000",Cash,Pending,Delivered,4.6,1,Returned,"12,073,450",LC1005,"Friday, 17 January 2025","Monday, 10 February 2025"
Mary Achieng,Corporate,27,Rift Valley,Nakuru,Nakuru,Nakuru Yard,Grace Njeri,Phone Call,Nissan,Note,Hatchback,2016,Petrol,Automatic,Blue,5,"1,375,000","1,203,000",5,,"89,000",Bank Transfer,Paid,In Transit,2.5,41,Returned,"6,595,250",CAR1086,"Saturday, 31 January 2026","Monday, 2 November 2026"
Winnie Mohamed,Car Dealer,28,Western,Kakamega,Kakamega,Kakamega Yard,Kevin Mwangi,Facebook,Subaru,Outback,Wagon,2019,Diesel,Automatic,Red,2,"4,059,000","3,300,000",0,"33,000","83,000",Asset Financing,Complete,Delayed,4.8,23,Returned,"7,176,840",ORD1069,"Saturday, 21 February 2026","Friday, 6 March 2026"
Kevin Wafula,Corporate,28,Rift Valley,Nakuru,Nakuru,Nakuru Yard,Grace Njeri,Facebook,Mercedes,C200,Sedan,2017,Diesel,A/T,Blue,7,"5,660,000","4,983,000",0,"79,000","104,000",Bankers Cheque,Awaiting Payment,Delivered,2.6,43,Returned,"38,510,400",LCL1242,"Monday, 6 April 2026","Saturday, 4 April 2026"
N/A,Individual,29,Western,Kakamega,Kakamega,Kakamega Yard,Daniel Kimani,Referral,Mazda,Cx5,Suv,2019,Petrol,Automatic,Blue,4,"3,551,000","2,814,000",0,,"101,000",Wire Transfer,Pending,At The Yard,4.6,33,Not Returned,"11,476,200",CAR1197,"Monday, 28 April 2025","Sunday, 25 May 2025"
Kevin Mohamed,Ngo,29,Nyanza Region,Kisumu,Kisumu,Kisumu Yard,Mercy Atieno,Referral,Mazda,Cx5,Suv,2025,Petrol,A/T,Grey,3,"3,673,000","3,088,000",0,"105,000","110,000",Bank Transfer,Paid,Delayed,4,21,Not Returned,"3,667,810",LC1271,"Thursday, 4 June 2026","Wednesday, 6 May 2026"
Aisha Achieng,Government,29,Central,Kiambu,Thika,Thika Yard,Samuel Mutua,Phone Call,Toyota,Hiace,Van,2019,Petrol,Automatic,Blue,,"4,332,000","3,484,000",1,"62,000","71,000",Bankers Cheque,Paid,Delivered,3.6,23,Not Returned,"2,230,000",CAR1084,"Thursday, 13 March 2025","Tuesday, 1 April 2025"
Joseph Maina,Individual,31,Rift Valley,Uasin Gishu,Eldoret,Eldoret Yard,Mary Wanjiku,Referral,Toyota,Harrier,Suv,2023,Gasoline,Automatic,Blue,2,"4,117,000","3,198,000",0,"69,000","67,000",Cash,Complete,In Transit,2.8,37,Returned,"-7,479,600",CAR1160,"Wednesday, 8 January 2025","Friday, 29 August 2025"
Naomi Maina,Government,33,Central,Kiambu,Thika,Thika Yard,Peter Kiptoo,Facebook,Toyota,Fielder,Wagon,2018,Petrol,Automatic,Green,3,"1,952,000","1,605,000",0,"82,000","104,000",Cash,Paid,In Transit,2.1,19,Not Returned,"5,528,080",ORD1214,"Friday, 12 December 2025","Friday, 26 December 2025"
Mary Mwangi,Car Dealer,33,Eastern,Machakos,Athi River,Athi River Yard,Faith Achieng,Corporate Tender,Nissan,Xtrail,Suv,2022,Petrol,Automatic,White,2,"3,524,000","3,117,000",,"32,000","62,000",Bank Transfer,Paid,Delayed,3.5,24,Not Returned,"7,080,000",ORD1060,,"Thursday, 25 June 2026"
Brian Mohamed,Individual,35,Central,Kiambu,Thika,Thika Yard,Faith Achieng,Corporate Tender,Nissan,Navara,Pickup,2017,Petrol,M/T,White,2,"4,388,000","3,778,000",0,"162,000","159,000",Cash,Pending,In Transit,4.6,8,Returned,"8,499,200",ORD1110,"Tuesday, 10 June 2025","Friday, 4 July 2025"
Victor Muthoni,Car Dealer,35,Eastern,Machakos,Athi River,Athi River Yard,Peter Kiptoo,Phone Call,Toyota,Hillux,Pickup,2017,Petrol,Automatic,Silver,4,"5,601,000","4,957,000",2,"116,000","177,000",Bank Transfer,Completed,Delivered,3.1,22,Not Returned,"22,070,000",CAR1219,"Wednesday, 21 May 2025","Friday, 9 May 2025"
Faith Achieng,Retail,36,Rift Valley,Nakuru,Nakuru,Nakuru Yard,Faith Achieng,Facebook,Mitsubishi,Pajero,Suv,2021,Diesel,Automatic,Grey,2,"4,529,000","3,848,000",0,"50,000","34,000",Bank Transfer,Partial,Delivered,4.4,38,Returned,"8,926,840",CAR1044,"Friday, 15 August 2025","Monday, 9 June 2025"
James Mutua,Car Dealer,37,Western,Kakamega,Kakamega,Kakamega Yard,Mercy Atieno,Referral,Mazda,Cx5,Suv,2018,Petrol,Automatic,Black,8,"3,866,000","3,251,000",0,"41,000","60,000",Bank Transfer,Part Paid,Cancelled,2.7,6,Not Returned,"24,780,000",LCL1195,"Thursday, 1 May 2025","Monday, 13 January 2025"
Grace Achieng,Ngo,37,Rift Valley,Uasin Gishu,Eldoret,Eldoret Yard,Faith Achieng,Facebook,Toyota,Land Cruiser,Suv,2021,Petrol,Automatic,Blue,2,"7,763,000","6,904,000",0,"121,000","176,000",Bankers Cheque,Paid,Delivered,2.1,41,Not Returned,"14,870,700",ORD1142,"Saturday, 6 June 2026","Tuesday, 6 October 2026"
James Otieno,Car Dealer,38,Central,Kiambu,Thika,Thika Yard,Aisha Mohamed,Referral,Toyota,Corolla,Sedan,2017,Gasoline,Automatic,Black,,"1,778,000","1,447,000",0,"22,000",,Asset Financing,Paid,Cancelled,4.8,10,Not Returned,"5,360,000",LCL1077,"Tuesday, 25 November 2025","Monday, 15 December 2025"
Victor Kiptoo,Ngo,42,Rift Valley,Uasin Gishu,Eldoret,Eldoret Yard,Aisha Mohamed,Phone Call,Mazda,Demio,Hatchback,2025,Petrol,Automatic,Blue,3,"1,050,000","917,000",0,"157,000","122,000",Asset Financing,Deposit Paid,Delivered,4.9,35,Not Returned,"2,965,500",ORD1041,"Tuesday, 7 January 2025","Monday, 27 January 2025"
Kevin Maina,Car Dealer,44,Western,Kakamega,Kakamega,Kakamega Yard,Aisha Mohamed,Whatsapp,Volkswagen,Golf,Hatchback,2026,Gasoline,Manual,Pearl,2,"2,084,000","1,736,000",1,"20,000","42,000",Wire Transfer,Cancelled,Cancelled,,18,Not Returned,"-1,627,199",LCL1007,"Tuesday, 14 January 2025","Sunday, 19 January 2025"
Daniel Achieng,Car Dealer,44,Western,Kakamega,Kakamega,Kakamega Yard,Faith Achieng,Instagram,Honda,Fit,Hatchback,2023,Petrol,Manual,Red,0,"1,424,000","1,219,000",0,"149,000","171,000",Cash,Paid,Delivered,4.7,18,Not Returned,"5,845,000",CAR1057,"Tuesday, 11 February 2025","Thursday, 13 February 2025"
Mercy Kariuki,Corporate,44,Rift Valley,Uasin Gishu,Eldoret,Eldoret Yard,Kevin Mwangi,Instagram,Toyota,Prado Tx,Suv,2026,Petrol,Automatic,Blue,2,"7,948,000","6,126,000",0,"87,000",,Bankers Cheque,Pending,Delivered,2.4,41,Returned,"14,870,000",LCL1274,"Wednesday, 27 May 2026","Tuesday, 23 June 2026"
Grace Nyambura,Government,44,Central,Kiambu,Thika,Thika Yard,Mary Wanjiku,Phone Call,Mazda,Axela,Sedan,2021,Diesel,Automatic,Black,3,"1,621,000","1,329,000",0,"138,000","122,000",Asset Financing,Paid,Delivered,2.7,36,Not Returned,"4,417,440",CAR1134,"Saturday, 17 May 2025",
Kevin Kariuki,Ngo,44,Coast,Mombasa,Mombasa,Mombasa Port Yard,Faith Achieng,Facebook,Toyota,Corolla,Saloon,2015,Petrol,Automatic,White,1,"1,691,000","1,452,000",,"169,000",,Asset Financing,Completed,Delivered,2.1,33,Not Returned,"1,780,000",ORD1113,"Friday, 10 January 2025","Saturday, 4 January 2025"
Kevin Ochieng,Car Dealer,45,Western,Kakamega,Kakamega,Kakamega Yard,Grace Njeri,Corporate Tender,Isuzu,N-Series,Truck,2020,Diesel,A/T,Pearl,3,"5,144,000","4,188,000",0,"97,000","113,000",Bankers Cheque,Cancelled,Cancelled,3.2,12,Not Returned,0,ORD1089,"Saturday, 10 January 2026","Wednesday, 4 February 2026"
Daniel Kiptoo,Ngo,46,Nyanza Region,Kisumu,Kisumu,Kisumu Yard,Mary Wanjiku,Website,Toyota,Land Cruiser,Suv,2019,Diesel,M/T,Grey,3,"7,374,000","5,896,000",0,"111,000","108,000",M-Pesa,Pending,Delivered,4,22,Not Returned,"18,914,700",ORD1034,"Sunday, 29 June 2025","Friday, 25 July 2025"
Hassan Ochieng,Individual,46,Coast,Mombasa,Mombasa,Mombasa Port Yard,Mary Wanjiku,Facebook,Mercedes,E250,Sedan,2017,Diesel,Automatic,Silver,3,"5,985,000","5,233,000",7,"51,000","90,000",Bankers Cheque,Paid,Delivered,2.5,15,Not Returned,"16,749,149",CAR1106,"Wednesday, 25 March 2026",
James Chebet,Car Dealer,46,Western,Kakamega,Kakamega,Kakamega Yard,Faith Achieng,Instagram,Nissan,Navara,Pickup,2017,Diesel,Automatic,Grey,3,"4,724,000","3,868,000",,"39,000","50,000",M-Pesa,Completed,Delivered,4.5,8,Not Returned,"13,927,560",ORD1210,"Thursday, 7 August 2025","Friday, 7 March 2025"
Carol Maina,Corporate,46,Western,Kakamega,Kakamega,Kakamega Yard,Mary Wanjiku,Facebook,Toyota,Prado Tx,Suv,2016,Diesel,Automatic,Pearl,3,"6,708,000","5,566,000",0,"162,000","213,000",Asset Financing,Complete,At The Yard,4.5,17,Not Returned,"9,140,000",LCL1001,"Monday, 19 January 2026","Friday, 13 February 2026"
Grace Njeri,Ngo,46,Nyanza Region,Kisumu,Kisumu,Kisumu Yard,Aisha Mohamed,Website,Mazda,Atenza,Sedan,2017,Petrol,Automatic,Silver,2,"2,597,000","2,102,000",0,"142,000","165,000",Asset Financing,Refund,Delayed,3.2,1,Returned,0,LC1240,"Saturday, 30 May 2026","Tuesday, 16 June 2026"
Daniel Kariuki,Car Dealer,46,Western,Kakamega,Kakamega,Kakamega Yard,Mercy Atieno,Corporate Tender,Toyota,Fielder,Wagon,2017,Petrol,Automatic,Pearl,4,"1,738,000","1,429,000",,"180,000","252,000",Bankers Cheque,Completed,Delivered,3.1,0,Not Returned,"6,644,360",LC1199,"Sunday, 16 November 2025","Friday, 28 November 2025"
Joy Kariuki,Government,47,Central,Kiambu,Thika,Thika Yard,Brian Otieno,Instagram,Mazda,Cx5,Suv,2025,Petrol,A/T,White,2,"3,667,000",,0,"109,000","155,000",Asset Financing,Partial,Delivered,2.6,4,Returned,"6,562,920",LC1073,"Sunday, 19 October 2025","Monday, 11 August 2025"
Winnie Maina,Car Dealer,47,Rift Valley,Nakuru,Nakuru,Nakuru Yard,Grace Njeri,Website,Mazda,Cx5,Suv,2025,Diesel,A/T,Silver,4,"3,473,000","2,750,000",0,"25,000","42,000",M-Pesa,Paid,Delivered,3.1,6,Returned,"13,222,400",ORD1233,"Thursday, 30 October 2025","Tuesday, 4 November 2025"
Joseph Achieng,Car Dealer,47,Rift Valley,Uasin Gishu,Eldoret,Eldoret Yard,Mary Wanjiku,Phone Call,Toyota,Hiace,Van,2019,Hybrid,A/T,Black,2,"5,366,000","4,418,000",12,"123,000","168,000",Asset Financing,Cancelled,Cancelled,4.7,16,Not Returned,"9,567,160",LCL1128,"Thursday, 3 April 2025","Thursday, 4 December 2025"
Brian Mwangi,Car Dealer,47,Rift Valley,Uasin Gishu,Eldoret,Eldoret Yard,Grace Njeri,Walk In,Bmw,Bmw X5,Suv,2021,Diesel,A/T,White,3,"10,695,000","9,240,000",0,"43,000","42,000",Bank Transfer,Cancelled,Cancelled,4.2,9,Returned,0,LCL1013,"Thursday, 14 May 2026",
Peter Ochieng,Government,47,Coast,Mombasa,Mombasa,Mombasa Port Yard,Samuel Mutua,Instagram,Subaru,Forester,Suv,2017,Diesel,Automatic,Silver,3,"3,187,000","2,661,000",0,"34,000","44,000",Cash,Partially Paid,Delivered,3.1,24,Not Returned,"9,403,780",CAR1171,"Wednesday, 27 May 2026","Monday, 1 June 2026"
Carol Ochieng,Ngo,51,Rift Valley,Nakuru,Nakuru,Nakuru Yard,Grace Njeri,Whatsapp,Mitsubishi,Pajero,Suv,2023,Hybrid,Automatic,Black,,"4,579,000","3,919,000",0,"138,000","189,000",Bank Transfer,Partially Paid,Delivered,2.6,4,Not Returned,"4,936,855",LCL1157,"Wednesday, 20 August 2025","Sunday, 31 August 2025"
Daniel Maina,Car Dealer,52,Eastern,Machakos,Athi River,Athi River Yard,Daniel Kimani,Instagram,Toyota,Prado Tx,Suv,2026,Petrol,Automatic,Grey,3,"6,996,000","5,362,000",,0,"48,000",Cash,Paid,Delivered,4.5,6,Not Returned,"18,931,200",ORD1247,"Thursday, 9 January 2025","Thursday, 30 January 2025"
Mary Otieno,Ngo,52,Central,Kiambu,Thika,Thika Yard,Brian Otieno,Phone Call,Mitsubishi,Outlander,Suv,2021,Diesel,Automatic,White,5,"3,336,000","3,031,000",15,"156,000","209,000",Bank Transfer,Pending,Delivered,3.4,11,Not Returned,"14,334,000",LCL1082,"Wednesday, 4 February 2026","Wednesday, 4 March 2026"
Peter Kimani,Ngo,53,Western,Kakamega,Kakamega,Kakamega Yard,Daniel Kimani,Whatsapp,Mazda,Demio,Hatchback,2017,Diesel,Automatic,White,3,"1,200,000","921,000",3,"90,000","153,000",Asset Financing,Partially Paid,Delivered,5,32,Not Returned,"3,582,000",LCL1059,"Friday, 3 January 2025","Friday, 24 January 2025"
Samuel Nyambura,Retail,53,Eastern,Machakos,Athi River,Athi River Yard,Brian Otieno,Walk In,Toyota,Harrier,Suv,2021,Petrol,A/T,Pearl,2,"4,721,000","3,990,000",0,"103,000",,Bankers Cheque,Pending,Delivered,3.9,19,Not Returned,"9,261,740",LC1012,"Saturday, 11 October 2025","Saturday, 18 October 2025"
Joy Wanjiku,Ngo,54,Nyanza Region,Kisumu,Kisumu,Kisumu Yard,Mary Wanjiku,Walk In,Toyota,Prado Tx,Suv,2016,Petrol,Manual,Black,3,"8,136,000","6,986,000",0,"39,000","56,000",Cash,Paid,At The Yard,4.5,2,Not Returned,"-22,738,440",LC1000,"Friday, 29 August 2025","Saturday, 30 August 2025"
Mercy Nyambura,Ngo,56,Central,Kiambu,Thika,Thika Yard,Samuel Mutua,Phone Call,Mazda,Demio,Hatchback,2016,Diesel,A/T,Silver,2,"1,346,000","1,090,000",0,"37,000","48,000",Asset Financing,Awaiting Payment,In Transit,4,18,Returned,"2,459,800",CAR1100,,"Wednesday, 20 May 2026"
Grace Kimani,Ngo,56,Eastern,Machakos,Athi River,Athi River Yard,Mary Wanjiku,Whatsapp,Toyota,Harrier,Suv,2020,Diesel,Automatic,Grey,3,"4,993,000","3,872,000",0,"89,000","141,000",M-Pesa,Partially Paid,Delivered,4.6,41,Not Returned,"14,020,000",CAR1035,"Sunday, 16 March 2025","Tuesday, 15 April 2025"
Daniel Achieng,Car Dealer,56,Nyanza Region,Kisumu,Kisumu,Kisumu Yard,Daniel Kimani,Corporate Tender,Honda,CrV,Suv,2023,Petrol,Automatic,Pearl,4,"4,227,000","3,650,000",0,"35,000","23,000",M-Pesa,Cancel,Cancelled,4.8,34,Not Returned,0,LCL1065,"Sunday, 15 February 2026","Thursday, 26 February 2026"
Brian Njeri,Government,58,Nyanza Region,Kisumu,Kisumu,Kisumu Yard,Kevin Mwangi,Referral,Isuzu,N-Series,Truck,2015,Petrol,Manual,Blue,2,"5,980,000","4,954,000",,"17,000","31,000",Asset Financing,Pending,Delivered,3,0,Not Returned,"10,183,000",LCL1019,"Friday, 19 June 2026","Wednesday, 15 July 2026"
Brian Mwangi,Individual,59,Central,Kiambu,Thika,Thika Yard,Mercy Atieno,Instagram,Toyota,Hiace,Van,2016,Diesel,Automatic,Grey,3,"5,320,000","4,489,000",,"164,000",,M-Pesa,Refund,Delayed,4.7,24,Returned,0,LCL1275,"Friday, 19 June 2026","Saturday, 7 November 2026"
Brian Ochieng,Corporate,59,Nairobi,Nairobi,Nairobi,Nairobi Yard,Mercy Atieno,Website,Mazda,Atenza,Sedan,2025,Petrol,Manual,White,2,"2,142,000","1,948,000",,"615,000","124,000",Cash,Complete,At The Yard,4.4,6,Returned,"3,550,200",LCL1048,"Wednesday, 26 November 2025","Friday, 5 December 2025"
Brian Ochieng,Car Dealer,61,Rift Valley,Nakuru,Nakuru,Nakuru Yard,Mercy Atieno,Corporate Tender,Subaru,Forester,Suv,2018,Petrol,A/T,Black,3,"3,220,000","2,480,000",0,"17,000","30,000",Bankers Cheque,Paid,Delivered,4,9,Not Returned,"8,228,000",CAR1016,"Thursday, 29 January 2026","Monday, 23 February 2026"
Mercy Wanjiku,Car Dealer,61,Eastern,Machakos,Athi River,Athi River Yard,Grace Njeri,Instagram,Mazda,Demio,Hatchback,2016,Petrol,Automatic,Blue,3,"1,312,000","1,088,000",0,,"153,000",Asset Financing,Paid,Delivered,4.7,25,Not Returned,"1,379,400",LCL1213,"Monday, 17 November 2025","Saturday, 13 December 2025"
Naomi Mutua,Individual,62,Central,Kiambu,Thika,Thika Yard,Faith Achieng,Whatsapp,Isuzu,N-Series,Truck,2015,Hybrid,A/T,Black,3,"5,165,000","4,392,000",0,"170,000","151,000",M-Pesa,Pending,In Transit,4.9,38,Not Returned,"5,076,750",LCL1165,"Saturday, 7 June 2025","Thursday, 26 June 2025"
Linda Mutua,Ngo,62,Nairobi,Nairobi,Nairobi,Nairobi Yard,Mercy Atieno,Whatsapp,Nissan,Note,Hatchback,2026,Petrol,Manual,Red,2,"1,189,000","932,000",0,"19,000",,M-Pesa,Paid,In Transit,3,2,Not Returned,"2,400,000",ORD1229,"Wednesday, 3 June 2026","Sunday, 31 May 2026"
Victor Maina,Car Dealer,63,Central,Kiambu,Thika,Thika Yard,Aisha Mohamed,Referral,Subaru,Impreza,Sedan,2024,Diesel,Automatic,Green,4,"2,023,000","1,653,000",0,"20,000","29,000",Asset Financing,Complete,Delivered,3.8,38,Not Returned,"7,545,559",LCL1153,"Wednesday, 30 April 2025","Tuesday, 13 May 2025"
Aisha Chebet,Car Dealer,63,Western,Kakamega,Kakamega,Kakamega Yard,Mary Wanjiku,Facebook,Mitsubishi,Pajero,Suv,2018,Hybrid,Automatic,Blue,2,"4,801,000","3,814,000",0,"16,000","42,000",Bankers Cheque,Paid,Delivered,3.9,35,Not Returned,"9,137,900",LCL1074,"Sunday, 10 August 2025","Thursday, 14 August 2025"
James Omondi,Corporate,64,Western,Kakamega,Kakamega,Kakamega Yard,Samuel Mutua,Referral,Toyota,Corolla,Sedan,2017,Petrol,Manual,Black,8,,"1,533,000",0,"47,000","35,000",Bankers Cheque,Pending,At The Yard,2.9,27,Not Returned,"13,035,000",LCL1146,"Friday, 25 July 2025","Tuesday, 8 April 2025"
James Muthoni,Individual,64,Eastern,Machakos,Athi River,Athi River Yard,Aisha Mohamed,Walk In,Mitsubishi,Canter,Truck,2023,Petrol,Manual,White,,,"3,060,000",0,"71,000","101,000",Bank Transfer,Paid,Delivered,5,34,Returned,"9,230,000",ORD1053,"Friday, 6 February 2026",
John Kariuki,Ngo,66,Rift Valley,Nakuru,Nakuru,Nakuru Yard,Aisha Mohamed,Whatsapp,Toyota,Land Cruiser,Suv,2026,Hybrid,Automatic,Pearl,4,"6,468,000","5,806,000",0,"20,000","47,000",Asset Financing,Paid,Delivered,4.2,35,Not Returned,"49,194,800",ORD1133,"Friday, 24 April 2026","Monday, 11 May 2026"
Carol Achieng,Government,66,Rift Valley,Uasin Gishu,Eldoret,Eldoret Yard,Mary Wanjiku,Instagram,Volkswagen,Tiguan,Suv,2017,Petrol,Automatic,Silver,,"4,834,000","4,070,000",15,"46,000","52,000",Cash,Paid,Delivered,4.7,9,Not Returned,"20,590,500",LCL1178,"Tuesday, 18 November 2025",
Brian Nyambura,Individual,67,Eastern,Machakos,Athi River,Athi River Yard,Grace Njeri,Whatsapp,Toyota,Prado Tx,Suv,2019,Petrol,Automatic,Black,3,"6,918,000","5,906,000",0,,"210,000",Cash,Paid,Delivered,2.3,19,Not Returned,"6,749,100",LCL1211,"Saturday, 26 July 2025","Saturday, 28 February 2026"
Joseph Otieno,Individual,67,Nyanza Region,Kisumu,Kisumu,Kisumu Yard,Peter Kiptoo,Corporate Tender,Honda,CrV,Suv,2024,Petrol,Manual,Grey,,"4,408,000","3,370,000",0,"98,000","93,000",Bankers Cheque,Paid,Delivered,3.1,4,Not Returned,"4,065,200",LCL1235,"Thursday, 14 May 2026","Monday, 18 May 2026"
James Maina,Corporate,67,Eastern,Machakos,Athi River,Athi River Yard,Mercy Atieno,Referral,Mitsubishi,Canter,Truck,2020,Diesel,M/T,Grey,2,"3,670,000","3,025,000",0,"152,000","200,000",Bank Transfer,Cancelled,Cancelled,3,14,Not Returned,,LCL1263,"Wednesday, 18 March 2026","Monday, 23 March 2026"
Kevin Kimani,Government,68,Western,Kakamega,Kakamega,Kakamega Yard,Mercy Atieno,Walk In,Subaru,Subaru,Crossover,2026,Petrol,Automatic,Pearl,1,,"2,388,000",0,"146,000","129,000",Bank Transfer,Cancel,Cancelled,2.3,40,Not Returned,0,ORD1038,"Friday, 11 April 2025","Friday, 2 May 2025"
Kevin Nyambura,Government,68,Rift Valley,Uasin Gishu,Eldoret,Eldoret Yard,Aisha Mohamed,Whatsapp,Toyota,Prado Tx,Suv,2019,Hybrid,A/T,Blue,3,,"5,640,000",0,"42,000","72,000",Bank Transfer,Partially Paid,At The Yard,2.1,,Not Returned,"18,532,800",LCL1193,"Tuesday, 13 January 2026","Wednesday, 11 February 2026"
