"record_id","student_id","student_full_name","gender","student_age","date_of_birth","admission_date","grade_level","class_stream","school_id","school_name","school_type","school_subcounty","school_county","school_region","student_subcounty","student_county","student_region","teacher_id","teacher_name","teacher_gender","teacher_subject_specialty","teacher_subcounty","teacher_county","teacher_region","subject_id","subject_name","assessment_type","score","attendance_rate_pct","fee_balance_kes","scholarship_status","learning_mode"
EDU-0107,STU-1107,Susan Auma Bett,F,16,2014-07-04,2023-05-30,"8",Grade 7A,SCH011,Athi River Stem School,Private,Machakos,Machakos,Eastern,Westlands,Nairobi,Nairobi,T005,Fatuma Ali,F,Computer Studies,Mvita,Mombasa,Coast,SUB005,Computer Studies,Practical,45,82,2500,No,Unknown
EDU-0283,STU-1283,Christine Nyanchama Hussein,M,12,2013-10-17,2023-03-21,"9",Grade 7B,SCH007,Kisauni Future School,Private,Mombasa,Mombasa,Coast,Embakasi East,Nairobi,Nairobi,T001,Amina Wanjiru,F,Mathematics,Westlands,Nairobi,Nairobi,SUB001,Mathematics,Mid-Term,38,98,1200,No,Unknown
EDU-0128,STU-1128,Moureen Adhiambo Chebet,Unknown,14,2011-07-16,2024-04-30,"8",Grade 8A,SCH008,Kisumu Lakeview School,Public,Kisumu,Kisumu,Nyanza,Kisauni,Mombasa,Coast,T002,Brian Kiptoo,M,English,Ruiru,Kiambu,Central,SUB002,English,Practical,89,85,5000,No,Unknown
EDU-0272,STU-1272,Kevin Njoroge Bett,F,16,2010-10-04,2024-05-12,"7",Grade 9B,SCH008,Kisumu Lakeview School,Public,Kisumu,Kisumu,Nyanza,Langata,Nairobi,Nairobi,T002,Brian Kiptoo,M,English,Ruiru,Kiambu,Central,SUB002,English,Practical,58.5,100,2500,No,Unknown
EDU-0155,STU-1155,John Koech Ali,M,18,2010-05-26,2022-12-07,"9",Grade 9A,SCH011,Athi River Stem School,Private,Machakos,Machakos,Eastern,Kisumu East,Kisumu,Nyanza,T005,Fatuma Ali,F,Computer Studies,Mvita,Mombasa,Coast,SUB005,Computer Studies,Practical,77,0,2500,No,Unknown
EDU-0194,STU-1194,Nelly Wafula Korir,M,12,2013-05-18,2024-07-15,"9",Grade 7B,SCH002,Embakasi Hope Junior,Public,Nairobi,Nairobi,Nairobi,Lurambi,Nairobi,Western,T002,Brian Kiptoo,M,English,Ruiru,Kiambu,Central,SUB002,English,Practical,70,57,7500,No,Unknown
EDU-0060,STU-1060,Agnes Njoroge Serem,M,15,2014-01-24,2022-02-23,"9",Grade 7B,SCH012,Naivasha Bright School,Public,Nakuru,Nakuru,Rift Valley,Eldoret East,Uasin Gishu,Rift Valley,T006,Daniel Otieno,M,Business Studies,Eldoret East,Uasin Gishu,Rift Valley,SUB006,Business Studies,Mid-Term,96,99,10000,No,Unknown
EDU-0133,STU-1133,Gladys Koech Musyoka,F,16,2014-05-20,2022-07-24,"8",Grade 7A,SCH001,Garden Court Academy,Private,Nairobi,Nairobi,Nairobi,Athi River,Machakos,Eastern,T001,Amina Wanjiru,F,Mathematics,Westlands,Nairobi,Nairobi,SUB001,Mathematics,Unknown,55,93,1200,No,Unknown
EDU-0241,STU-1241,Naomi Nduta Barasa,F,15,2014-12-14,2023-12-15,"7",Grade 8B,SCH001,Garden Court Academy,Private,Nairobi,Nairobi,Nairobi,Embakasi East,Nairobi,Nairobi,T001,Amina Wanjiru,F,Mathematics,Westlands,Nairobi,Nairobi,SUB001,Mathematics,Mid-Term,87,68,5000,No,Unknown
EDU-0066,STU-1066,Victor Koech Kariuki,M,14,2011-07-23,2024-04-04,"9",Grade 8B,SCH006,Mvita Coast School,Public,Mombasa,Mombasa,Coast,Ruiru,Kiambu,Central,T006,Daniel Otieno,M,Business Studies,Eldoret East,Uasin Gishu,Rift Valley,SUB006,Business Studies,Practical,34,55,15000,No,Unknown
EDU-0303,STU-1303,Cynthia Ochieng Onyango,F,14,2012-02-07,2022-07-04,"8",Grade 8B,SCH003,Langata Plains School,Private,Nairobi,Nairobi,Nairobi,Thika Town,Kiambu,Central,T003,Esther Naliaka,F,Kiswahili,Kisumu East,Kiambu,Nyanza,SUB003,Kiswahili,Practical,47,95,5000,No,Unknown
EDU-0219,STU-1219,Collins Omondi Muthama,Unknown,12,2012-04-02,2023-11-15,"8",Grade 7B,SCH003,Langata Plains School,Private,Nairobi,Nairobi,Nairobi,Thika Town,Kiambu,Central,T003,Esther Naliaka,F,Kiswahili,Kisumu East,Kisumu,Nyanza,SUB003,Kiswahili,Practical,87,79,15000,No,Unknown
EDU-0080,STU-1080,Kevin Kiptoo Kimutai,F,15,2015-09-03,2022-11-28,"8",Grade 9A,SCH008,Kisumu Lakeview School,Public,Kisumu,Kisumu,Nyanza,Naivasha,Nakuru,Rift Valley,T002,Brian Kiptoo,M,English,Ruiru,Kiambu,Central,SUB002,English,Unknown,49,83,5000,No,Unknown
EDU-0143,STU-1143,Victor Njoki Kimutai,M,13,2014-11-27,2023-09-12,"7",Grade 9A,SCH011,Athi River Stem School,Private,Machakos,Machakos,Eastern,Mvita,Mombasa,Coast,T005,Fatuma Ali,F,Computer Studies,Mvita,Mombasa,Coast,SUB005,Computer Studies,Practical,70,84,1200,No,Unknown
EDU-0300,STU-1300,Ivy Maina Chebet,F,14,2010-04-30,2023-01-17,"8",Grade 9A,SCH012,Naivasha Bright School,Public,Nakuru,Nakuru,Rift Valley,Kisauni,Mombasa,Coast,T006,Daniel Otieno,M,Business Studies,Eldoret East,Uasin Gishu,Rift Valley,SUB006,Business Studies,CAT-1,38,91,15000,No,Unknown
EDU-0175,STU-1175,Susan Akinyi Abdi,F,14,2011-07-04,2023-12-27,"9",Grade 9A,SCH007,Kisauni Future School,Private,Mombasa,Mombasa,Coast,Athi River,Machakos,Eastern,T001,Amina Wanjiru,F,Mathematics,Westlands,Nairobi,Nairobi,SUB001,Mathematics,Unknown,87,57,10000,Partial,Unknown
EDU-0184,STU-1184,Grace Atieno Onyango,F,13,2010-09-14,2022-11-11,"9",Grade 9B,SCH004,Ruiru Sunrise School,Public,Kiambu,Kiambu,Central,Langata,Nairobi,Nairobi,T004,Peter Mwangi,M,Biology,Thika Town,Kiambu,Central,SUB004,Biology,End-Term,75,0,5000,No,Unknown
EDU-0018,STU-1018,Lucy Odhiambo Mwangi,M,13,2014-03-31,2022-10-15,"7",Grade 9B,SCH006,Mvita Coast School,Public,Mombasa,Mombasa,Coast,Eldoret East,Uasin Gishu,Rift Valley,T006,Daniel Otieno,M,Business Studies,Eldoret East,Uasin Gishu,Rift Valley,SUB006,Business Studies,Unknown,50,59,5000,Yes,Unknown
EDU-0280,STU-1280,Ezra Adhiambo Koech,F,12,2014-12-07,2022-06-30,"8",Grade 7A,SCH004,Ruiru Sunrise School,Public,Kiambu,Kiambu,Central,Thika Town,Kiambu,Central,T004,Peter Mwangi,M,Biology,Thika Town,Kiambu,Central,SUB004,Biology,End-Term,56,72,10000,Partial,Unknown
EDU-0302,STU-1302,Phyllis Mwikali Muthama,M,16,2013-10-19,2024-06-22,"8",Grade 7B,SCH002,Embakasi Hope Junior,Public,Nairobi,Nairobi,Nairobi,Embakasi East,Nairobi,Nairobi,T002,Brian Kiptoo,M,English,Ruiru,Kiambu,Central,SUB002,English,Unknown,42,72,7500,No,Unknown
EDU-0182,STU-1182,Irene Achieng Rono,F,16,2011-09-21,2023-06-20,"8",Grade 9A,SCH002,Embakasi Hope Junior,Public,Nairobi,Nairobi,Nairobi,Eldoret East,Uasin Gishu,Rift Valley,T002,Brian Kiptoo,M,English,Ruiru,Kiambu,Central,SUB002,English,CAT-1,47,97,2500,Yes,Unknown
EDU-0081,STU-1081,Allan Akinyi Simiyu,M,13,2013-07-02,2022-03-15,"8",Grade 9B,SCH009,Eldoret Valley Academy,Private,Uasin Gishu,Uasin Gishu,Rift Valley,Langata,Nairobi,Nairobi,T003,Esther Naliaka,F,Kiswahili,Kisumu East,Kisumu,Nyanza,SUB003,Kiswahili,Practical,36,58,15000,Partial,Unknown
EDU-0127,STU-1127,Doreen Ochieng Ali,Unknown,13,2012-04-14,2023-08-16,"9",Grade 9B,SCH007,Kisauni Future School,Private,Mombasa,Mombasa,Coast,Ruiru,Kiambu,Central,T001,Amina Wanjiru,F,Mathematics,Westlands,Nairobi,Nairobi,SUB001,Mathematics,CAT-1,23,64,15000,No,Unknown
EDU-0217,STU-1217,David Muthoni Korir,M,12,2014-01-05,2022-03-25,"8",Grade 8A,SCH001,Garden Court Academy,Private,Nairobi,Nairobi,Nairobi,Athi River,Machakos,Eastern,T001,Amina Wanjiru,F,Mathematics,Westlands,Nairobi,Nairobi,SUB001,Mathematics,Practical,25,0,15000,No,Unknown
EDU-0252,STU-1252,Moureen Njoki Gichuru,M,18,2010-07-05,2024-03-21,"8",Grade 9B,SCH012,Naivasha Bright School,Public,Nakuru,Nakuru,Rift Valley,Westlands,Nairobi,Nairobi,T006,Daniel Otieno,M,Business Studies,Eldoret East,Uasin Gishu,Rift Valley,SUB006,Business Studies,Mid-Term,94,68,15000,No,Unknown
EDU-0178,STU-1178,Jemimah Mbugua Kipsang,F,12,2012-11-25,2024-07-18,"7",Grade 8A,"",Lurambi Green School,Public,Kakamega,Kakamega,Western,Kisumu East,Kisumu,Nyanza,T004,Peter Mwangi,M,Biology,Thika Town,Kiambu,Central,SUB004,Biology,Mid-Term,60,89,1200,Partial,Unknown
EDU-0154,STU-1154,Navas Wafula Oduor,M,17,2011-07-12,2024-03-23,"7",Grade 9A,SCH010,Lurambi Green School,Public,Kakamega,Kakamega,Western,Thika Town,Kiambu,Central,T004,Peter Mwangi,M,Biology,Thika Town,Kiambu,Central,SUB004,Biology,Mid-Term,38,59,7500,Yes,Unknown
EDU-0048,STU-1048,Phyllis Kilonzo Kiprono,F,15,2010-07-03,2024-01-30,"7",Grade 9B,SCH012,Naivasha Bright School,Public,Nakuru,Nakuru,Rift Valley,Kisauni,Mombasa,Coast,T006,Daniel Otieno,M,Business Studies,Eldoret East,Uasin Gishu,Rift Valley,SUB006,Business Studies,Unknown,72,85,7500,Yes,Unknown
EDU-0183,STU-1183,Daniel Auma Chege,M,17,2011-02-28,2022-06-01,"9",Grade 8B,SCH003,Langata Plains School,Private,Nairobi,Nairobi,Nairobi,Naivasha,Nakuru,Rift Valley,T003,Esther Naliaka,F,Kiswahili,Kisumu East,Kisumu,Nyanza,SUB003,Kiswahili,End-Term,68,86,7500,No,Unknown
EDU-0152,STU-1152,Susan Akinyi Mohamed,F,16,2014-05-18,2024-02-04,"7",Grade 8A,SCH008,Kisumu Lakeview School,Public,Kisumu,Kisumu,Nyanza,Lurambi,Kakamega,Western,T002,Brian Kiptoo,M,English,Ruiru,Kiambu,Central,SUB002,English,End-Term,40,57,0,Yes,Unknown
EDU-0321,STU-1321,Beatrice Wairimu Mutiso,M,17,2011-06-23,2024-08-22,"9",Grade 7A,SCH009,Eldoret Valley Academy,Private,Uasin Gishu,Uasin Gishu,Rift Valley,Westlands,Nairobi,Nairobi,T003,Esther Naliaka,F,Kiswahili,Kisumu East,Kisumu,Nyanza,SUB003,Kiswahili,Practical,58,99,0,Yes,Unknown
EDU-0261,STU-1261,Caroline Naliaka Korir,M,17,2012-04-30,2022-04-03,"8",Grade 7B,SCH009,Eldoret Valley Academy,Private,Uasin Gishu,Uasin Gishu,Rift Valley,Thika Town,Kiambu,Central,T003,Esther Naliaka,F,Kiswahili,Kisumu East,Kisumu,Nyanza,SUB003,Kiswahili,Mid-Term,58.5,80,7500,Partial,Unknown
EDU-0299,STU-1299,Stephen Ochieng Onyango,M,17,2015-05-09,2023-11-29,"8",Grade 9A,SCH011,Athi River Stem School,Private,Machakos,Machakos,Eastern,Ruiru,Kiambu,Central,T005,Fatuma Ali,F,Computer Studies,Mvita,Mombasa,Coast,SUB005,Computer Studies,Mid-Term,40,0,1200,No,Unknown
EDU-0115,STU-1115,Hassan Nyambura Gichuru,F,16,2013-07-23,2022-11-29,"8",Grade 9B,SCH007,Kisauni Future School,Private,Mombasa,Mombasa,Coast,Embakasi East,Nairobi,Nairobi,T001,Amina Wanjiru,F,Mathematics,Westlands,Nairobi,Nairobi,SUB001,Mathematics,Practical,92,0,10000,Yes,Unknown
EDU-0086,STU-1086,Janet Mburu Kituku,F,17,2010-11-28,2023-06-15,"7",Grade 8A,SCH002,Embakasi Hope Junior,Public,Nairobi,Nairobi,Nairobi,Kisauni,Mombasa,Coast,T002,Brian Kiptoo,M,English,Ruiru,Kiambu,Central,SUB002,English,Mid-Term,32,0,15000,No,Unknown
EDU-0047,STU-1047,Dennis Kiptoo Kipsang,M,15,2012-12-15,2023-11-18,"9",Grade 7A,SCH011,Athi River Stem School,Private,Machakos,Machakos,Eastern,Ruiru,Kiambu,Central,T005,Fatuma Ali,F,Computer Studies,Mvita,Mombasa,Coast,SUB005,Computer Studies,CAT-1,41,67,5000,No,Unknown
EDU-0091,STU-1091,Susan Kilonzo Waweru,F,15,2010-06-10,2024-03-19,"8",Grade 9A,SCH007,Kisauni Future School,Private,Mombasa,Mombasa,Coast,Athi River,Machakos,Eastern,T001,Amina Wanjiru,F,Mathematics,Westlands,Nairobi,Nairobi,SUB001,Mathematics,Practical,30,94,5000,No,Boarding
EDU-0223,STU-1223,Purity Jepchirchir Mburu,M,15,2013-08-06,2022-09-12,"8",Grade 8A,SCH007,Kisauni Future School,Private,Mombasa,Mombasa,Coast,Thika Town,Kiambu,Central,T001,Amina Wanjiru,F,Mathematics,Westlands,Nairobi,Nairobi,SUB001,Mathematics,Mid-Term,68,88,5000,No,Boarding
EDU-0180,STU-1180,Doreen Chebet Macharia,F,15,2012-05-02,2022-03-09,"9",Grade 9B,SCH012,Naivasha Bright School,Public,Nakuru,Nakuru,Rift Valley,Embakasi East,Nairobi,Nairobi,T006,Daniel Otieno,M,Business Studies,Eldoret East,Uasin Gishu,Rift Valley,SUB006,Business Studies,End-Term,54,86,10000,No,Boarding
EDU-0287,STU-1287,Christine Jepchirchir Bwire,M,14,2014-08-25,2023-01-09,"8",Grade 9B,SCH011,Athi River Stem School,Private,Machakos,Machakos,Eastern,Langata,Nairobi,Nairobi,T005,Fatuma Ali,F,Computer Studies,Mvita,Mombasa,Coast,SUB005,Computer Studies,CAT-1,4,62,0,No,Day
EDU-0176,STU-1176,Daisy Auma Kiplimo,M,18,2014-07-10,2024-04-26,"8",Grade 9B,SCH008,Kisumu Lakeview School,Public,Kisumu,Kisumu,Nyanza,Embakasi East,Nairobi,Nairobi,T002,Brian Kiptoo,M,English,Ruiru,Kiambu,Central,SUB002,English,Mid-Term,44,61,0,No,Day
EDU-0284,STU-1284,Winnie Nyanchama Onyango,F,14,2012-11-11,,"8",Grade 8B,SCH008,Kisumu Lakeview School,Public,Kisumu,Kisumu,Nyanza,Thika Town,Kiambu,Central,T002,Brian Kiptoo,M,English,Ruiru,Kiambu,Central,SUB002,English,Practical,33,85,15000,No,Day
EDU-0103,STU-1103,Patrick Odhiambo Musyoka,F,15,2010-06-18,2022-11-17,"7",Grade 7A,SCH007,Kisauni Future School,Private,Mombasa,Mombasa,Coast,Naivasha,Nakuru,Rift Valley,T001,Amina Wanjiru,F,Mathematics,Westlands,Nairobi,Nairobi,SUB001,Mathematics,CAT-2,75,70,5000,No,Unknown
EDU-0297,STU-1297,Elijah Akinyi Abdi,M,18,2011-06-24,2024-09-20,"8",Grade 7B,SCH009,Eldoret Valley Academy,Private,Uasin Gishu,Uasin Gishu,Rift Valley,Lurambi,Kakamega,Western,T003,Esther Naliaka,F,Kiswahili,Kisumu East,Kisumu,Nyanza,SUB003,Kiswahili,Unknown,91,69,2500,No,Day
EDU-0190,STU-1190,Joseph Mwikali Chege,F,16,2010-05-28,2024-08-03,"7",Grade 8A,SCH010,Lurambi Green School,Public,Kakamega,Kakamega,Western,Lurambi,Kakamega,Western,T004,Peter Mwangi,M,Biology,Thika Town,Kiambu,Central,SUB004,Biology,Mid-Term,84,90,15000,No,Hybrid
EDU-0209,STU-1209,Caroline Kilonzo Mwangi,M,16,2014-03-12,2023-09-06,"8",Grade 7B,SCH005,Thika Digital Academy,Private,Kiambu,Kiambu,Central,Eldoret East,Uasin Gishu,Rift Valley,T005,Fatuma Ali,F,Computer Studies,Mvita,Mombasa,Coast,SUB005,Computer Studies,CAT-1,53,68,1200,No,Day
EDU-0093,STU-1093,Peter Nekesa Omondi,M,12,2013-06-10,2022-04-18,"7",Grade 8A,SCH009,Eldoret Valley Academy,Private,Uasin Gishu,Uasin Gishu,Rift Valley,Thika Town,Kiambu,Central,T003,Esther Naliaka,F,Kiswahili,Kisumu East,Kisumu,Nyanza,SUB003,Kiswahili,Practical,45,0,0,No,Hybrid
EDU-0227,STU-1227,Beatrice Maina Koech,Unknown,16,2015-03-16,2024-08-01,"8",Grade 9B,SCH011,Athi River Stem School,Private,Machakos,Machakos,Eastern,Mvita,Mombasa,Coast,T005,Fatuma Ali,F,Computer Studies,Mvita,Mombasa,Coast,SUB005,Computer Studies,Practical,24,70,15000,No,Boarding
EDU-0270,STU-1270,Martin Kiplagat Muthama,F,14,2014-02-07,2022-05-14,"9",Grade 7A,SCH006,Mvita Coast School,Public,Mombasa,Mombasa,Coast,Eldoret East,Uasin Gishu,Rift Valley,T006,Daniel Otieno,M,Business Studies,Eldoret East,Uasin Gishu,Rift Valley,SUB006,Business Studies,End-Term,67,80,0,No,Boarding
EDU-0119,STU-1119,Collins Wambui Njeri,Unknown,14,2013-09-19,2024-09-07,"9",Grade 8A,SCH011,Athi River Stem School,Private,Machakos,Machakos,Eastern,Langata,Nairobi,Nairobi,T005,Fatuma Ali,F,Computer Studies,Mvita,Mombasa,Coast,SUB005,Computer Studies,Practical,58.5,64,0,No,Boarding
EDU-0255,STU-1255,Sharon Njoroge Maalim,M,18,2012-02-21,2024-08-18,"9",Grade 9A,SCH003,Langata Plains School,Private,Nairobi,Nairobi,Nairobi,Lurambi,Kakamega,Western,T003,Esther Naliaka,F,Kiswahili,Kisumu East,Kisumu,Nyanza,SUB003,Kiswahili,Practical,58.5,67,1200,No,Day
EDU-0159,STU-1159,Irene Rotich Mwangi,F,2,2013-03-18,2024-04-12,"9",Grade 7B,SCH003,Langata Plains School,Private,Nairobi,Nairobi,Nairobi,Kisumu East,Kisumu,Nyanza,T003,Esther Naliaka,F,Kiswahili,Kisumu East,Kisumu,Nyanza,SUB003,Kiswahili,CAT-1,82,89,7500,No,Day
EDU-0220,STU-1220,Herbert Wanjiru Cheruiyot,M,13,2011-05-30,2023-03-20,"8",Grade 9A,SCH004,Ruiru Sunrise School,Public,Kiambu,Kiambu,Central,Kisumu East,Kisumu,Nyanza,T004,Peter Mwangi,M,Biology,Thika Town,Kiambu,Central,SUB004,Biology,Practical,23,86,0,No,Day
EDU-0308,STU-1308,Pauline Barasa Nyaga,Unknown,17,2013-01-17,2023-09-18,"7",Grade 7A,SCH008,Kisumu Lakeview School,Public,Kisumu,Kisumu,Nyanza,Eldoret East,Uasin Gishu,Rift Valley,T002,Brian Kiptoo,M,English,Ruiru,Kiambu,Central,SUB002,English,Practical,33,68,10000,No,Boarding
EDU-0025,STU-1025,Leonard Nduta Mburu,M,12,2014-05-06,2023-08-26,"9",Grade 8A,SCH001,Garden Court Academy,Private,Nairobi,Nairobi,Nairobi,Kisauni,Mombasa,Coast,T001,Amina Wanjiru,F,Mathematics,Westlands,Nairobi,Nairobi,SUB001,Mathematics,Mid-Term,29,76,10000,No,Day
EDU-0257,STU-1257,Theo Kiplagat Mburu,F,18,2010-12-18,2023-11-09,"8",Grade 7B,SCH005,Thika Digital Academy,Private,Kiambu,Kiambu,Central,Ruiru,Kiambu,Central,T005,Fatuma Ali,F,Computer Studies,Mvita,Mombasa,Coast,SUB005,Computer Studies,End-Term,43,57,2500,No,Boarding
EDU-0073,STU-1073,Navas Makena Ali,M,16,2014-02-12,2023-12-25,"9",Grade 9B,SCH001,Garden Court Academy,Private,Nairobi,Nairobi,Nairobi,Embakasi East,Nairobi,Nairobi,T001,Amina Wanjiru,F,Mathematics,Westlands,Nairobi,Nairobi,SUB001,Mathematics,CAT-2,47,68,5000,No,Boarding
EDU-0099,STU-1099,Linda Muthoni Macharia,M,12,2012-02-23,2022-06-03,"7",Grade 7B,SCH003,Langata Plains School,Private,Nairobi,Nairobi,Nairobi,Naivasha,Nakuru,Rift Valley,T003,Esther Naliaka,F,Kiswahili,Kisumu East,Kisumu,Nyanza,SUB003,Kiswahili,Mid-Term,80,74,5000,No,Hybrid
EDU-0289,STU-1289,Felix Wairimu Muli,F,12,2010-12-06,2022-10-29,"7",Grade 7A,SCH001,Garden Court Academy,Private,Nairobi,Nairobi,Nairobi,Eldoret East,Uasin Gishu,Rift Valley,T001,Amina Wanjiru,F,Mathematics,Westlands,Nairobi,Nairobi,SUB001,Mathematics,Mid-Term,58.5,84,0,No,Unknown
EDU-0239,STU-1239,Mary Mbugua Maiyo,F,18,2014-08-24,2023-06-30,"7",Grade 7B,SCH011,Athi River Stem School,Private,Machakos,Machakos,Eastern,Kisumu East,Kisumu,Nyanza,T005,Fatuma Ali,F,Computer Studies,Mvita,Mombasa,Coast,SUB005,Computer Studies,Practical,47,63,0,No,Boarding
EDU-0056,STU-1056,Purity Auma Kipsang,M,16,2013-05-25,2022-04-09,"8",Grade 7A,SCH008,Kisumu Lakeview School,Public,Kisumu,Kisumu,Nyanza,Eldoret East,Uasin Gishu,Rift Valley,T002,Brian Kiptoo,M,English,Ruiru,Kiambu,Central,SUB002,English,Practical,23,68,1200,No,Unknown
EDU-0106,STU-1106,Stephen Langat Odhiambo,F,2,2012-06-17,2022-12-14,"9",Grade 8A,SCH010,Lurambi Green School,Public,Kakamega,Kakamega,Western,Lurambi,Kakamega,Western,T004,Peter Mwangi,M,Biology,Thika Town,Kiambu,Central,SUB004,Biology,Practical,82,55,15000,No,Day
EDU-0205,STU-1205,George Maina Omondi,F,14,2014-11-23,2024-02-20,"8",Grade 8B,SCH001,Garden Court Academy,Private,Nairobi,Nairobi,Nairobi,Eldoret East,Uasin Gishu,Rift Valley,T001,Amina Wanjiru,F,Mathematics,Westlands,Nairobi,Nairobi,SUB001,Mathematics,Practical,4,100,0,No,Hybrid
EDU-0163,STU-1163,Samuel Makena Cheruiyot,M,17,2011-01-19,2022-10-21,"8",Grade 9A,SCH007,Kisauni Future School,Private,Mombasa,Mombasa,Coast,Eldoret East,Uasin Gishu,Rift Valley,T001,Amina Wanjiru,F,Mathematics,Westlands,Nairobi,Nairobi,SUB001,Mathematics,Mid-Term,24,70,5000,No,Day
EDU-0095,STU-1095,Samuel Nduta Wanjala,M,16,2014-02-08,2022-06-27,"7",Grade 7B,SCH011,Athi River Stem School,Private,Machakos,Machakos,Eastern,Athi River,Machakos,Eastern,T005,Fatuma Ali,F,Computer Studies,Mvita,Mombasa,Coast,SUB005,Computer Studies,Unknown,50,94,2500,No,Boarding
EDU-0139,STU-1139,Esther Jepchirchir Njeri,M,16,2012-09-16,2023-08-10,"9",Grade 9B,SCH007,Kisauni Future School,Private,Mombasa,Mombasa,Coast,Thika Town,Kiambu,Central,T001,Amina Wanjiru,F,Mathematics,Westlands,Nairobi,Nairobi,SUB001,Mathematics,Unknown,22,82,15000,No,Boarding
EDU-0173,STU-1173,Janet Rotich Kimutai,F,13,2015-08-24,2023-03-24,"7",Grade 8A,SCH005,Thika Digital Academy,Private,Kiambu,Kiambu,Central,Ruiru,Kiambu,Central,T005,Fatuma Ali,F,Computer Studies,Mvita,Mombasa,Coast,SUB005,Computer Studies,End-Term,53,78,1200,No,Boarding
EDU-0055,STU-1055,Samuel Kariuki Korir,F,16,2013-09-14,2022-02-23,"9",Grade 9A,SCH007,Kisauni Future School,Private,Mombasa,Mombasa,Coast,Thika Town,Kiambu,Central,T001,Amina Wanjiru,F,Mathematics,Westlands,Nairobi,Nairobi,SUB001,Mathematics,Practical,87,81,0,No,Day
EDU-0013,STU-1013,Ann Ochieng Oduor,F,18,2012-07-24,2024-08-07,"7",Grade 8A,SCH001,Garden Court Academy,Private,Nairobi,Nairobi,Nairobi,Thika Town,Kiambu,Central,T001,Amina Wanjiru,F,Mathematics,Westlands,Nairobi,Nairobi,SUB001,Mathematics,Practical,61,98,0,No,Day
EDU-0071,STU-1071,David Njoroge Bwire,F,15,2014-06-04,,"7",Grade 8A,SCH011,Athi River Stem School,Private,Machakos,Machakos,Eastern,Kisumu East,Kisumu,Nyanza,T005,Fatuma Ali,F,Computer Studies,Mvita,Mombasa,Coast,SUB005,Computer Studies,Unknown,72,69,2500,No,Boarding
EDU-0212,STU-1212,Ivy Rotich Ali,Unknown,2,2014-06-23,2022-11-16,"8",Grade 7A,SCH008,Kisumu Lakeview School,Public,Kisumu,Kisumu,Nyanza,Kisauni,Mombasa,Coast,T002,Brian Kiptoo,M,English,Ruiru,Kiambu,Central,SUB002,English,Unknown,81,0,0,No,Boarding
EDU-0072,STU-1072,Winnie Njoki Achieng,F,13,2014-12-19,2023-04-10,"8",Grade 7B,SCH012,Naivasha Bright School,Public,Nakuru,Nakuru,Rift Valley,Athi River,Machakos,Eastern,T006,Daniel Otieno,M,Business Studies,Eldoret East,Uasin Gishu,Rift Valley,SUB006,Business Studies,CAT-1,26,91,15000,No,Hybrid
EDU-0101,STU-1101,Eric Kariuki Koech,F,18,2010-12-21,2022-04-20,"8",Grade 8B,SCH005,Thika Digital Academy,Private,Kiambu,Kiambu,Central,Mvita,Mombasa,Coast,T005,Fatuma Ali,F,Computer Studies,Mvita,Kiambu,Coast,SUB005,Computer Studies,Mid-Term,53,100,1200,No,Boarding
EDU-0281,STU-1281,Silas Kilonzo Mohamed,M,15,2014-12-04,2023-02-20,"8",Grade 7A,SCH005,Thika Digital Academy,Private,Kiambu,Kiambu,Central,Kisumu East,Kisumu,Nyanza,T005,Fatuma Ali,F,Computer Studies,Mvita,Mombasa,Coast,SUB005,Computer Studies,CAT-1,94,93,1200,No,Day
EDU-0191,STU-1191,Anthony Nduta Njoroge,F,12,2012-08-31,2023-02-08,"8",Grade 7B,SCH011,Athi River Stem School,Private,Machakos,Machakos,Eastern,Westlands,Nairobi,Nairobi,T005,Fatuma Ali,F,Computer Studies,Mvita,Mombasa,Coast,SUB005,Computer Studies,CAT-1,77,88,2500,No,Day
EDU-0011,STU-1011,Sharon Wafula Duale,F,14,2014-09-09,2022-04-30,"8",Grade 7A,SCH011,Athi River Stem School,Private,Machakos,Machakos,Eastern,Athi River,Machakos,Eastern,T005,Fatuma Ali,F,Computer Studies,Mvita,Mombasa,Coast,SUB005,Computer Studies,Mid-Term,38,80,0,No,Boarding
EDU-0229,STU-1229,Doreen Nyambura Mohamed,M,12,2010-06-02,2022-01-16,"7",Grade 8A,SCH001,Garden Court Academy,Private,Nairobi,Nairobi,Nairobi,Naivasha,Nakuru,Rift Valley,T001,Amina Wanjiru,F,Mathematics,Westlands,Nairobi,Nairobi,SUB001,Mathematics,Practical,32,65,2500,No,Hybrid
EDU-0323,STU-1323,Pauline Wanjala Muthama,F,16,2014-09-11,2023-05-04,"7",Grade 8A,SCH011,Athi River Stem School,Private,Machakos,Machakos,Eastern,Kisumu East,Kisumu,Nyanza,T005,Fatuma Ali,F,Computer Studies,Mvita,Mombasa,Coast,SUB005,Computer Studies,CAT-1,58.5,92,7500,No,Boarding
EDU-0034,STU-1034,Sharon Moraa Serem,M,12,2014-07-12,2022-11-24,"7",Grade 9B,SCH010,Lurambi Green School,Public,Kakamega,Kakamega,Western,Athi River,Machakos,Eastern,T004,Peter Mwangi,M,Biology,Thika Town,Kiambu,Central,SUB004,Biology,Practical,58.5,90,0,No,Boarding
EDU-0210,STU-1210,Nelly Wanjiru Maiyo,M,14,2012-12-16,2023-05-09,"7",Grade 9B,SCH006,Mvita Coast School,Public,Mombasa,Mombasa,Coast,Westlands,Nairobi,Nairobi,T006,Daniel Otieno,M,Business Studies,Eldoret East,Uasin Gishu,Rift Valley,SUB006,Business Studies,Mid-Term,66,82,5000,Yes,Boarding
EDU-0199,STU-1199,Esther Langat Mogere,F,13,2013-01-06,2024-02-22,"7",Grade 9B,SCH007,Kisauni Future School,Private,Mombasa,Mombasa,Coast,Embakasi East,Nairobi,Nairobi,T001,Amina Wanjiru,F,Mathematics,Westlands,Nairobi,Nairobi,SUB001,Mathematics,Practical,43,58,0,No,Boarding
EDU-0109,STU-1109,Irene Nduta Kariuki,F,17,2010-09-23,2022-07-15,"9",Grade 9A,SCH001,Garden Court Academy,Private,Nairobi,Nairobi,Nairobi,Kisauni,Mombasa,Coast,T001,Amina Wanjiru,F,Mathematics,Westlands,Nairobi,Nairobi,SUB-ERR,Mathematics,CAT-1,39,67,0,Partial,Hybrid
EDU-0114,STU-1114,Brian Maina Koech,F,16,2014-02-25,2023-08-27,"7",Grade 8A,SCH006,Mvita Coast School,Public,Mombasa,Mombasa,Coast,Athi River,Machakos,Eastern,T006,Daniel Otieno,M,Business Studies,Eldoret East,Uasin Gishu,Rift Valley,SUB006,Business Studies,Mid-Term,29,72,15000,No,Hybrid
EDU-0179,STU-1179,Ezra Adhiambo Mburu,F,15,2013-04-24,2023-09-07,"7",Grade 8A,SCH011,Athi River Stem School,Private,Machakos,Machakos,Eastern,Athi River,Machakos,Eastern,T005,Fatuma Ali,F,Computer Studies,Mvita,Mombasa,Coast,SUB005,Computer Studies,CAT-1,75,66,10000,No,Boarding
EDU-0002,STU-1002,Phyllis Wambui Mohamed,F,14,2010-04-14,2023-07-23,"8",Grade 8A,SCH002,Embakasi Hope Junior,Public,Nairobi,Nairobi,Nairobi,Kisauni,Mombasa,Coast,T002,Brian Kiptoo,M,English,Ruiru,Kiambu,Central,SUB002,English,CAT-1,87,69,0,No,Hybrid
EDU-0198,STU-1198,Gladys Kiplagat Wario,M,14,2010-08-09,2024-09-30,"9",Grade 7B,SCH006,Mvita Coast School,Public,Mombasa,Mombasa,Coast,Athi River,Machakos,Eastern,T006,Daniel Otieno,M,Business Studies,Eldoret East,Uasin Gishu,Rift Valley,SUB006,Business Studies,End-Term,84,59,2500,No,Boarding
EDU-0169,STU-1169,Sharon Mburu Bett,M,14,2010-07-18,2022-12-31,"9",Grade 7A,SCH001,Garden Court Academy,Private,Nairobi,Nairobi,Nairobi,Ruiru,Kiambu,Central,T001,Amina Wanjiru,F,Mathematics,Westlands,Nairobi,Nairobi,SUB001,Mathematics,CAT-1,30,81,7500,No,Unknown
EDU-0188,STU-1188,Faith Makena Were,M,15,2015-07-27,2023-12-05,"9",Grade 9B,SCH008,Kisumu Lakeview School,Public,Kisumu,Kisumu,Nyanza,Langata,Nairobi,Nairobi,T002,Brian Kiptoo,M,English,Ruiru,Kiambu,Central,SUB002,English,End-Term,31,75,5000,No,Day
EDU-0213,STU-1213,Ann Nduta Musyoka,Unknown,18,2015-06-17,,"8",Grade 7B,SCH009,Eldoret Valley Academy,Private,Uasin Gishu,Uasin Gishu,Rift Valley,Lurambi,Kakamega,Western,T003,Esther Naliaka,F,Kiswahili,Kisumu East,Kisumu,Nyanza,SUB003,Kiswahili,CAT-1,36,76,0,Yes,Day
EDU-0065,STU-1065,Bridgit Njoroge Korir,M,16,2010-09-01,2024-03-07,"9",Grade 8B,SCH005,Thika Digital Academy,Private,Kiambu,Kiambu,Central,Westlands,Nairobi,Nairobi,T005,Fatuma Ali,F,Computer Studies,Mvita,Mombasa,Coast,SUB005,Computer Studies,CAT-1,44,55,15000,Yes,Hybrid
EDU-0216,STU-1216,Caleb Mburu Ochieng,F,17,2015-04-27,2023-01-26,"9",Grade 8A,SCH012,Naivasha Bright School,Public,Nakuru,Nakuru,Rift Valley,Kisauni,Mombasa,Coast,T006,Daniel Otieno,M,Business Studies,Eldoret East,Uasin Gishu,Rift Valley,SUB006,Business Studies,Practical,72,76,5000,Yes,Boarding
EDU-0113,STU-1113,Lucy Odhiambo Barasa,M,17,2014-12-12,2024-01-19,"7",Grade 9A,SCH005,Thika Digital Academy,Private,Kiambu,Kiambu,Central,Kisumu East,Kisumu,Nyanza,T005,Fatuma Ali,F,Computer Studies,Mvita,Mombasa,Coast,SUB005,Computer Studies,Practical,52,98,7500,Partial,Day
EDU-0231,STU-1231,Allan Chebet Mohamed,F,14,2011-03-01,2023-11-07,"7",Grade 7B,SCH003,Langata Plains School,Private,Nairobi,Nairobi,Nairobi,Kisauni,Mombasa,Coast,T003,Esther Naliaka,F,Kiswahili,Kisumu East,Kisumu,Nyanza,SUB003,Kiswahili,End-Term,75,84,10000,Yes,Day
EDU-0256,STU-1256,Esther Koech Njoroge,F,13,2012-02-19,2023-12-20,"8",Grade 8A,SCH004,Ruiru Sunrise School,Public,Kiambu,Kiambu,Central,Westlands,Nairobi,Nairobi,T004,Peter Mwangi,M,Biology,Thika Town,Kiambu,Central,SUB004,Biology,CAT-1,47,97,10000,No,Boarding
EDU-0076,STU-1076,Herbert Nekesa Gichuru,Unknown,16,2013-01-10,2023-03-11,"8",Grade 8B,SCH004,Ruiru Sunrise School,Public,Kiambu,Kiambu,Central,Athi River,Machakos,Eastern,T004,Peter Mwangi,M,Biology,Thika Town,Kiambu,Central,SUB004,Biology,Mid-Term,31,100,5000,No,Hybrid
EDU-0142,STU-1142,Moureen Atieno Kamau,F,15,2013-03-13,,"7",Grade 9A,SCH010,Lurambi Green School,Public,Kakamega,Kakamega,Western,Langata,Nairobi,Nairobi,T004,Peter Mwangi,M,Biology,Thika Town,Kiambu,Central,SUB004,Biology,End-Term,68,66,15000,No,Hybrid
EDU-0059,STU-1059,Anthony Auma Ochieng,F,15,2010-03-26,2022-03-25,"9",Grade 9A,SCH011,Athi River Stem School,Private,Machakos,Machakos,Eastern,Mvita,Mombasa,Coast,T005,Fatuma Ali,F,Computer Studies,Mvita,Mombasa,Coast,SUB005,Computer Studies,Practical,62,82,7500,No,Day
EDU-0077,STU-1077,Doreen Kariuki Koech,M,12,2013-03-18,2023-05-20,"9",Grade 8B,SCH005,Thika Digital Academy,Private,Kiambu,Kiambu,Central,Langata,Nairobi,Nairobi,T005,Fatuma Ali,F,Computer Studies,Mvita,Mombasa,Coast,SUB005,Computer Studies,Practical,77,81,2500,No,Day
EDU-0108,STU-1108,Clinton Odhiambo Kiprono,F,12,2012-10-30,2024-05-09,"9",Grade 7A,SCH012,Naivasha Bright School,Public,Nakuru,Nakuru,Rift Valley,Ruiru,Kiambu,Central,T006,Daniel Otieno,M,Business Studies,Eldoret East,Uasin Gishu,Rift Valley,SUB006,Business Studies,CAT-2,41,70,7500,No,Boarding
EDU-0094,STU-1094,Christine Mburu Oduor,M,15,2014-03-09,2022-07-16,"8",Grade 7B,SCH010,Lurambi Green School,Public,Kakamega,Kakamega,Western,Kisumu East,Kisumu,Nyanza,T004,Peter Mwangi,M,Biology,Thika Town,Kiambu,Central,SUB004,Biology,CAT-1,44,92,0,No,Boarding
EDU-0016,STU-1016,Martin Kiplagat Simiyu,F,18,2015-05-24,2022-06-21,"9",Grade 7A,SCH004,Ruiru Sunrise School,Public,Kiambu,Kiambu,Central,Langata,Nairobi,Nairobi,T004,Peter Mwangi,M,Biology,Thika Town,Kiambu,Central,SUB004,Biology,Unknown,31,67,0,No,Unknown
EDU-0061,STU-1061,Moureen Njoroge Njoroge,F,12,2011-02-28,2023-05-08,"7",Grade 8A,SCH001,Garden Court Academy,Private,Nairobi,Nairobi,Nairobi,Naivasha,Nakuru,Rift Valley,T001,Amina Wanjiru,F,Mathematics,Westlands,Nairobi,Nairobi,SUB001,Mathematics,CAT-1,68,88,1200,No,Unknown
EDU-0117,STU-1117,Hassan Wanjala Muli,Unknown,14,2012-11-17,2022-03-30,"8",Grade 9B,SCH009,Eldoret Valley Academy,Private,Uasin Gishu,Uasin Gishu,Rift Valley,Kisumu East,Kisumu,Nyanza,T003,Esther Naliaka,F,Kiswahili,Kisumu East,Kisumu,Nyanza,SUB003,Kiswahili,End-Term,67,91,5000,No,Boarding
EDU-0078,STU-1078,Ruth Naliaka Awino,Unknown,16,2013-10-21,2022-05-28,"9",Grade 7A,SCH006,Mvita Coast School,Public,Mombasa,Mombasa,Coast,Mvita,Mombasa,Coast,T006,Daniel Otieno,M,Business Studies,Eldoret East,Uasin Gishu,Rift Valley,SUB006,Business Studies,Unknown,47,57,5000,No,Day
EDU-0063,STU-1063,Gladys Wairimu Mwakio,M,14,2010-06-04,2024-07-20,"7",Grade 7A,SCH003,Langata Plains School,Private,Nairobi,Nairobi,Nairobi,Kisauni,Mombasa,Coast,T003,Esther Naliaka,F,Kiswahili,Kisumu East,Kisumu,Nyanza,SUB003,Kiswahili,Unknown,45,66,5000,No,Boarding
EDU-0318,STU-1318,Evans Akinyi Mbugua,M,2,2014-06-27,2022-10-25,"7",Grade 7A,SCH006,Mvita Coast School,Public,Mombasa,Mombasa,Coast,Ruiru,Kiambu,Central,T006,Daniel Otieno,M,Business Studies,Eldoret East,Uasin Gishu,Rift Valley,SUB006,Business Studies,CAT-1,61,80,5000,No,Day
EDU-0001,STU-1001,Omar Kiplagat Njoroge,M,14,2011-07-13,2023-05-25,"9",Grade 8B,SCH001,Garden Court Academy,Private,Nairobi,Nairobi,Nairobi,Ruiru,Kiambu,Central,T001,Amina Wanjiru,F,Mathematics,Westlands,Nairobi,Nairobi,SUB001,Mathematics,Mid-Term,51,59,2500,No,Day
EDU-0202,STU-1202,George Nyambura Mohamed,F,15,2011-01-06,2022-04-07,"9",Grade 9B,SCH010,Lurambi Green School,Public,Kakamega,Kakamega,Western,Athi River,Machakos,Eastern,T004,Peter Mwangi,M,Biology,Thika Town,Kiambu,Central,SUB004,Biology,Mid-Term,74,92,5000,No,Day
EDU-0050,STU-1050,Lucy Makena Muli,F,17,2012-06-25,2024-04-10,"8",Grade 9B,SCH002,Embakasi Hope Junior,Public,Nairobi,Nairobi,Nairobi,Embakasi East,Nairobi,Nairobi,T002,Brian Kiptoo,M,English,Ruiru,Kiambu,Central,SUB002,English,Mid-Term,38,89,0,No,Boarding
EDU-0309,STU-1309,Clinton Muthoni Wario,F,17,2014-07-27,2023-12-10,"7",Grade 9A,SCH009,Eldoret Valley Academy,Private,Uasin Gishu,Uasin Gishu,Rift Valley,Naivasha,Nakuru,Rift Valley,T003,Esther Naliaka,F,Kiswahili,Kisumu East,Kisumu,Nyanza,SUB003,Kiswahili,Mid-Term,82,70,2500,No,Boarding
EDU-0021,STU-1021,Stephen Cherono Lagat,F,15,2013-04-15,2024-10-02,"8",Grade 7A,SCH009,Eldoret Valley Academy,Private,Uasin Gishu,Uasin Gishu,Rift Valley,Kisauni,Mombasa,Coast,T003,Esther Naliaka,F,Kiswahili,Kisumu East,Kisumu,Nyanza,SUB003,Kiswahili,Practical,79,93,2500,No,Day
EDU-0118,STU-1118,Zainab Kilonzo Kiplimo,F,13,2015-03-19,2023-07-17,"8",Grade 9B,SCH010,Lurambi Green School,Public,Kakamega,Kakamega,Western,Athi River,Machakos,Eastern,T004,Peter Mwangi,M,Biology,Thika Town,Kiambu,Central,SUB004,Biology,CAT-1,74,93,15000,No,Hybrid
EDU-0074,STU-1074,Peter Odhiambo Kariuki,F,13,2010-09-16,2023-03-06,"9",Grade 7B,SCH002,Embakasi Hope Junior,Public,Nairobi,Nairobi,Nairobi,Thika Town,Kiambu,Central,T002,Brian Kiptoo,M,English,Ruiru,Kiambu,Central,SUB002,English,CAT-1,106,66,1200,No,Boarding
EDU-0186,STU-1186,Mercy Moraa Ali,M,14,2015-05-19,2024-06-27,"9",Grade 9A,SCH006,Mvita Coast School,Public,Mombasa,Mombasa,Coast,Eldoret East,Uasin Gishu,Rift Valley,T006,Daniel Otieno,M,Business Studies,Eldoret East,Uasin Gishu,Rift Valley,SUB006,Business Studies,CAT-1,92,0,5000,No,Boarding
EDU-0024,STU-1024,Evans Nekesa Oduor,F,18,2010-04-23,2023-12-05,"7",Grade 7A,SCH012,Naivasha Bright School,Public,Nakuru,Nakuru,Rift Valley,Ruiru,Kiambu,Central,T006,Daniel Otieno,M,Business Studies,Eldoret East,Uasin Gishu,Rift Valley,SUB006,Business Studies,Practical,64,82,2500,No,Hybrid
EDU-0292,STU-1292,Leonard Nekesa Achieng,M,12,2010-10-16,2023-06-08,"9",Grade 7A,SCH004,Ruiru Sunrise School,Public,Kiambu,Kiambu,Central,Mvita,Mombasa,Coast,T004,Peter Mwangi,M,Biology,Thika Town,Kiambu,Central,SUB004,Biology,CAT-1,28,91,2500,No,Hybrid
EDU-0132,STU-1132,Daisy Njoroge Musyoka,F,12,2010-04-08,2024-08-12,"7",Grade 7B,SCH012,Naivasha Bright School,Public,Nakuru,Nakuru,Rift Valley,Kisauni,Mombasa,Coast,T006,Daniel Otieno,M,Business Studies,Eldoret East,Uasin Gishu,Rift Valley,SUB006,Business Studies,CAT-1,45,71,0,No,Day
EDU-0045,STU-1045,Zainab Omondi Njeri,F,12,2014-04-01,2022-09-22,"9",Grade 8B,SCH009,Eldoret Valley Academy,Private,Uasin Gishu,Uasin Gishu,Rift Valley,Lurambi,Kakamega,Western,T003,Esther Naliaka,F,Kiswahili,Kisumu East,Kisumu,Nyanza,SUB003,Kiswahili,CAT-1,68,95,15000,No,Boarding
EDU-0019,STU-1019,Lians Wanjiru Wekesa,M,16,2012-11-01,2022-05-03,"7",Grade 9A,SCH007,Kisauni Future School,Private,Mombasa,Mombasa,Coast,Naivasha,Nakuru,Rift Valley,T001,Amina Wanjiru,F,Mathematics,Westlands,Nairobi,Nairobi,SUB001,Mathematics,Unknown,44,74,1200,No,Day
EDU-0237,STU-1237,Evans Wanjala Rono,M,14,2015-07-17,2023-10-17,"7",Grade 8B,SCH009,Eldoret Valley Academy,Private,Uasin Gishu,Uasin Gishu,Rift Valley,Westlands,Nairobi,Nairobi,T003,Esther Naliaka,F,Kiswahili,Kisumu East,Kisumu,Nyanza,SUB003,Kiswahili,Practical,22,69,5000,No,Boarding
EDU-0131,STU-1131,Ezra Makena Oduor,M,13,2013-09-25,2024-02-22,"9",Grade 9B,SCH011,Athi River Stem School,Private,Machakos,Machakos,Eastern,Ruiru,Kiambu,Central,T005,Fatuma Ali,F,Computer Studies,Mvita,Mombasa,Coast,SUB005,Computer Studies,Mid-Term,82,55,7500,No,Hybrid
EDU-0195,STU-1195,Lucy Kariuki Mohamed,F,18,2014-08-01,2022-10-25,"8",Grade 7B,SCH003,Langata Plains School,Private,Nairobi,Nairobi,Nairobi,Westlands,Nairobi,Nairobi,T003,Esther Naliaka,F,Kiswahili,Kisumu East,Kisumu,Nyanza,SUB003,Kiswahili,CAT-2,86,90,1200,No,Hybrid
EDU-0003,STU-1003,Hellen Mwikali Nyaga,F,13,2013-10-22,2023-04-09,"8",Grade 9B,SCH003,Langata Plains School,Private,Nairobi,Nairobi,Nairobi,Lurambi,Kakamega,Western,T003,Esther Naliaka,F,Kiswahili,Kisumu East,Kisumu,Nyanza,SUB003,Kiswahili,Unknown,63,89,7500,No,Hybrid
EDU-0087,STU-1087,Brian Wanjiru Wario,F,15,2012-04-01,2022-09-10,"9",Grade 9B,SCH003,Langata Plains School,Private,Nairobi,Nairobi,Nairobi,Lurambi,Kakamega,Western,T003,Esther Naliaka,F,Kiswahili,Kisumu East,Kisumu,Nyanza,SUB003,Kiswahili,Mid-Term,58.5,95,0,No,Boarding
EDU-0174,STU-1174,Agnes Kilonzo Barasa,M,13,2013-05-23,2024-07-25,"8",Grade 9A,SCH006,Mvita Coast School,Public,Mombasa,Mombasa,Coast,Kisauni,Mombasa,Coast,T006,Daniel Otieno,M,Business Studies,Eldoret East,Uasin Gishu,Rift Valley,SUB006,Business Studies,Mid-Term,58.5,73,0,No,Boarding
EDU-0145,STU-1145,John Langat Duale,F,17,2010-10-25,2022-10-10,"8",Grade 8B,SCH001,Garden Court Academy,Private,Nairobi,Nairobi,Nairobi,Naivasha,Nakuru,Rift Valley,T001,Amina Wanjiru,F,Mathematics,Westlands,Nairobi,Nairobi,SUB001,Mathematics,CAT-1,58.5,100,0,No,Day
EDU-0306,STU-1306,Naomi Cherono Kamau,F,13,2010-03-07,2022-04-14,"8",Grade 8A,SCH006,Mvita Coast School,Public,Mombasa,Mombasa,Coast,Embakasi East,Nairobi,Nairobi,T006,Daniel Otieno,M,Business Studies,Eldoret East,Uasin Gishu,Rift Valley,SUB006,Business Studies,Mid-Term,58.5,73,7500,No,Boarding
EDU-0230,STU-1230,Cynthia Makena Chege,M,12,2012-05-17,2022-03-21,"8",Grade 8B,SCH002,Embakasi Hope Junior,Public,Nairobi,Nairobi,Nairobi,Langata,Nairobi,Nairobi,T002,Brian Kiptoo,M,English,Ruiru,Kiambu,Central,SUB002,English,Unknown,58,0,0,No,Boarding
EDU-0007,STU-1007,Peter Kiplagat Achieng,F,12,2014-01-14,2023-05-15,"7",Grade 9A,SCH007,Kisauni Future School,Private,Mombasa,Mombasa,Coast,Athi River,Machakos,Eastern,T001,Amina Wanjiru,F,Mathematics,Westlands,Nairobi,Nairobi,SUB001,Mathematics,CAT-1,75,58,10000,Yes,Day
EDU-0314,STU-1314,Sharon Ochieng Juma,F,17,2010-01-18,2022-09-22,"9",Grade 7B,SCH002,Embakasi Hope Junior,Public,Nairobi,Nairobi,Nairobi,Langata,Nairobi,Nairobi,T002,Brian Kiptoo,M,English,Ruiru,Kiambu,Central,SUB002,English,End-Term,33,99,1200,No,Day
EDU-0111,STU-1111,Navas Chebet Odhiambo,F,14,2012-01-20,2022-04-22,"8",Grade 9A,SCH003,Langata Plains School,Private,Nairobi,Nairobi,Nairobi,Westlands,Nairobi,Nairobi,T003,Esther Naliaka,F,Kiswahili,Kisumu East,Kisumu,Nyanza,SUB003,Kiswahili,Unknown,106,58,0,Yes,Day
EDU-0053,STU-1053,Irene Mwikali Mutai,M,2,2014-03-06,2022-10-24,"9",Grade 9B,SCH005,Thika Digital Academy,Private,Kiambu,Kiambu,Central,Athi River,Machakos,Eastern,T005,Fatuma Ali,F,Computer Studies,Mvita,Mombasa,Coast,SUB005,Computer Studies,Practical,71,88,15000,Yes,Day
EDU-0039,STU-1039,Peter Wekesa Ochieng,M,18,2013-10-19,2023-12-24,"7",Grade 8A,SCH003,Langata Plains School,Private,Nairobi,Nairobi,Nairobi,Langata,Nairobi,Nairobi,T003,Esther Naliaka,F,Kiswahili,Kisumu East,Kisumu,Nyanza,SUB003,Kiswahili,Practical,77,74,0,Yes,Day
EDU-0192,STU-1192,Kevin Makena Mohamed,M,13,2015-07-23,2024-05-21,"8",Grade 7A,SCH012,Naivasha Bright School,Public,Nakuru,Nakuru,Rift Valley,Ruiru,Kiambu,Central,T006,Daniel Otieno,M,Business Studies,Eldoret East,Uasin Gishu,Rift Valley,SUB006,Business Studies,CAT-1,30,58,1200,No,Day
EDU-0254,STU-1254,Martin Ochieng Achieng,Unknown,14,2015-06-22,2024-01-04,"9",Grade 8B,SCH002,Embakasi Hope Junior,Public,Nairobi,Nairobi,Nairobi,Kisauni,Mombasa,Coast,T002,Brian Kiptoo,M,English,Ruiru,Kiambu,Central,SUB002,English,Practical,53,93,0,No,Day
EDU-0105,STU-1105,Fatuma Jepchirchir Hussein,Unknown,18,2011-10-14,2024-08-27,"9",Grade 8B,SCH009,Eldoret Valley Academy,Private,Uasin Gishu,Uasin Gishu,Rift Valley,Kisauni,Mombasa,Coast,T003,Esther Naliaka,F,Kiswahili,Kisumu East,Kisumu,Nyanza,SUB003,Kiswahili,Practical,81,83,2500,Yes,Unknown
EDU-0084,STU-1084,John Barasa Achieng,M,18,2011-05-28,2022-09-18,"8",Grade 9A,SCH012,Naivasha Bright School,Public,Nakuru,Nakuru,Rift Valley,Westlands,Nairobi,Nairobi,T006,Daniel Otieno,M,Business Studies,Eldoret East,Uasin Gishu,Rift Valley,SUB006,Business Studies,End-Term,76,67,5000,No,Unknown
EDU-0311,STU-1311,Victor Wekesa Kituku,M,14,2011-09-12,2022-03-27,"7",Grade 7B,SCH011,Athi River Stem School,Private,Machakos,Machakos,Eastern,Mvita,Mombasa,Coast,T005,Fatuma Ali,F,Computer Studies,Mvita,Mombasa,Coast,SUB005,Computer Studies,Practical,61,61,10000,Yes,Day
EDU-0110,STU-1110,Bridgit Wanjala Duale,F,16,2015-09-17,2022-02-24,"8",Grade 9B,SCH002,Embakasi Hope Junior,Public,Nairobi,Nairobi,Nairobi,Lurambi,Kakamega,Western,T002,Brian Kiptoo,M,English,Ruiru,Kiambu,Central,SUB002,English,Mid-Term,27,97,5000,Yes,Hybrid
EDU-0282,STU-1282,Dennis Langat Kamau,F,15,2012-07-30,2022-06-15,"8",Grade 7A,SCH006,Mvita Coast School,Public,Mombasa,Mombasa,Coast,Athi River,Machakos,Eastern,T006,Daniel Otieno,M,Business Studies,Eldoret East,Uasin Gishu,Rift Valley,SUB006,Business Studies,Practical,97,83,10000,No,Hybrid
EDU-0097,STU-1097,Lians Wafula Simiyu,F,15,2013-11-26,2023-06-04,"9",Grade 8B,SCH001,Garden Court Academy,Private,Nairobi,Nairobi,Nairobi,Thika Town,Nairobi,Central,T001,Amina Wanjiru,F,Mathematics,Westlands,Nairobi,Nairobi,SUB001,Mathematics,CAT-1,43,85,1200,No,Hybrid
EDU-0010,STU-1010,Hellen Achieng Kilonzo,F,14,2010-07-04,2023-08-11,"7",Grade 8B,SCH010,Lurambi Green School,Public,Kakamega,Kakamega,Western,Kisumu East,Kisumu,Nyanza,T004,Peter Mwangi,M,Biology,Thika Town,Kiambu,Central,SUB004,Biology,Mid-Term,92,70,0,Partial,Boarding
EDU-0274,STU-1274,David Kilonzo Kamau,F,14,2013-04-21,2022-09-22,"8",Grade 8A,SCH010,Lurambi Green School,Public,Kakamega,Kakamega,Western,Lurambi,Kakamega,Western,T004,Peter Mwangi,M,Biology,Thika Town,Kiambu,Central,SUB004,Biology,CAT-1,23,97,15000,No,Day
EDU-0162,STU-1162,Grace Kiptoo Koech,F,16,2014-03-06,2024-07-19,"9",Grade 7B,SCH006,Mvita Coast School,Public,Mombasa,Mombasa,Coast,Mvita,Mombasa,Coast,T006,Daniel Otieno,M,Business Studies,Eldoret East,Uasin Gishu,Rift Valley,SUB006,Business Studies,Mid-Term,97,78,0,No,Day
EDU-0168,STU-1168,Irene Wairimu Omondi,F,18,2015-01-26,2024-05-04,"8",Grade 7A,SCH012,Naivasha Bright School,Public,Nakuru,Nakuru,Rift Valley,Westlands,Nairobi,Nairobi,T006,Daniel Otieno,M,Business Studies,Eldoret East,Uasin Gishu,Rift Valley,SUB006,Business Studies,Unknown,79,92,0,Yes,Hybrid
EDU-0304,STU-1304,Grace Atieno Duale,M,16,2011-04-14,2023-08-30,"7",Grade 8B,SCH004,Ruiru Sunrise School,Public,Kiambu,Kiambu,Central,Kisumu East,Kisumu,Nyanza,T004,Peter Mwangi,M,Biology,Thika Town,Kiambu,Central,SUB004,Biology,End-Term,83,82,1200,No,Boarding
EDU-0293,STU-1293,Stephen Adhiambo Onyango,F,12,2011-08-02,2024-04-29,"7",Grade 9A,SCH005,Thika Digital Academy,Private,Kiambu,Kiambu,Central,Eldoret East,Uasin Gishu,Rift Valley,T005,Fatuma Ali,F,Computer Studies,Mvita,Mombasa,Coast,SUB005,Computer Studies,CAT-1,94,71,0,No,Day
EDU-0049,STU-1049,Oscar Barasa Njuguna,M,12,2010-02-05,2024-08-22,"8",Grade 7A,SCH001,Garden Court Academy,Private,Nairobi,Nairobi,Nairobi,Athi River,Machakos,Eastern,T001,Amina Wanjiru,F,Mathematics,Westlands,Nairobi,Nairobi,SUB001,Mathematics,Mid-Term,31,89,0,Yes,Boarding
EDU-0181,STU-1181,Peter Kariuki Abdi,M,12,2010-04-09,2022-03-14,"7",Grade 8A,SCH001,Garden Court Academy,Private,Nairobi,Nairobi,Nairobi,Thika Town,Kiambu,Central,T001,Amina Wanjiru,F,Mathematics,Westlands,Nairobi,Nairobi,SUB001,Mathematics,Mid-Term,33,98,2500,Yes,Boarding
EDU-0090,STU-1090,Mary Wanjiru Bett,M,18,2012-04-18,2023-10-14,"9",Grade 8A,SCH006,Mvita Coast School,Public,Mombasa,Mombasa,Coast,Kisauni,Mombasa,Coast,T006,Daniel Otieno,M,Business Studies,Eldoret East,Uasin Gishu,Rift Valley,SUB006,Business Studies,Mid-Term,24,65,7500,No,Boarding
EDU-0248,STU-1248,Hellen Wekesa Rono,F,16,2010-09-06,2022-11-23,"9",Grade 9A,SCH008,Kisumu Lakeview School,Public,Kisumu,Kisumu,Nyanza,Naivasha,Nakuru,Rift Valley,T002,Brian Kiptoo,M,English,Ruiru,Kiambu,Central,SUB002,English,CAT-1,59,0,5000,No,Day
EDU-0265,STU-1265,Hellen Makena Otieno,M,2,2010-08-19,2023-01-29,"8",Grade 9A,SCH001,Garden Court Academy,Private,Nairobi,Nairobi,Nairobi,Thika Town,Kiambu,Central,T001,Amina Wanjiru,F,Mathematics,Westlands,Nairobi,Nairobi,SUB001,Mathematics,CAT-1,91,70,0,Yes,Boarding
EDU-0206,STU-1206,Collins Mburu Mutiso,F,15,2014-04-06,2023-10-05,"9",Grade 8B,SCH002,Embakasi Hope Junior,Public,Nairobi,Nairobi,Nairobi,Naivasha,Nakuru,Rift Valley,T002,Brian Kiptoo,M,English,Ruiru,Kiambu,Central,SUB002,English,Practical,41,95,0,No,Boarding
EDU-0208,STU-1208,Pauline Cherono Omondi,F,15,2014-10-21,2023-06-02,"7",Grade 9A,SCH004,Ruiru Sunrise School,Public,Kiambu,Kiambu,Central,Mvita,Mombasa,Coast,T004,Peter Mwangi,M,Biology,Thika Town,Kiambu,Central,SUB004,Biology,CAT-2,66,79,2500,Partial,Boarding
EDU-0017,STU-1017,Peter Omondi Njuguna,M,14,2010-11-05,2023-09-10,"9",Grade 9A,SCH005,Thika Digital Academy,Private,Kiambu,Kiambu,Central,Mvita,Mombasa,Coast,T005,Fatuma Ali,F,Computer Studies,Mvita,Mombasa,Coast,SUB005,Computer Studies,Mid-Term,58.5,72,7500,Partial,Boarding
EDU-0005,STU-1005,Oscar Koech Muthama,F,16,2012-02-04,2022-04-11,"9",Grade 8A,SCH005,Thika Digital Academy,Private,Kiambu,Kiambu,Central,Ruiru,Kiambu,Central,T005,Fatuma Ali,F,Computer Studies,Mvita,Mombasa,Coast,SUB005,Computer Studies,Practical,47,90,10000,Partial,Day
EDU-0141,STU-1141,Joseph Wafula Kimutai,F,15,2014-07-11,2024-04-22,"7",Grade 7B,SCH009,Eldoret Valley Academy,Private,Uasin Gishu,Uasin Gishu,Rift Valley,Naivasha,Nakuru,Rift Valley,T003,Esther Naliaka,F,Kiswahili,Kisumu East,Kisumu,Nyanza,SUB003,Kiswahili,CAT-1,70,85,10000,Yes,Day
EDU-0151,STU-1151,Patrick Koech Cheruiyot,M,14,2013-01-18,2023-01-29,"7",Grade 9B,SCH007,Kisauni Future School,Private,Mombasa,Mombasa,Coast,Kisauni,Mombasa,Coast,T001,Amina Wanjiru,F,Mathematics,Westlands,Nairobi,Nairobi,SUB001,Mathematics,Unknown,65,59,0,Yes,Boarding
EDU-0030,STU-1030,Linda Adhiambo Kiplimo,F,18,2011-04-24,2022-09-19,"9",Grade 7A,SCH006,Mvita Coast School,Public,Mombasa,Mombasa,Coast,Athi River,Machakos,Eastern,T006,Daniel Otieno,M,Business Studies,Eldoret East,Uasin Gishu,Rift Valley,SUB006,Business Studies,End-Term,93,99,15000,Yes,Boarding
EDU-0211,STU-1211,Allan Barasa Kamau,M,13,2012-04-04,2022-04-26,"8",Grade 9A,SCH007,Kisauni Future School,Private,Mombasa,Mombasa,Coast,Ruiru,Kiambu,Central,T001,Amina Wanjiru,F,Mathematics,Westlands,Nairobi,Nairobi,SUB001,Mathematics,Mid-Term,78,68,5000,No,Day
EDU-0200,STU-1200,Moureen Koech Wekesa,F,16,2011-04-28,2023-03-18,"7",Grade 9A,SCH008,Kisumu Lakeview School,Public,Kisumu,Kisumu,Nyanza,Thika Town,Kiambu,Central,T002,Brian Kiptoo,M,English,Ruiru,Kiambu,Central,SUB002,English,Unknown,98,76,1200,Yes,Boarding
EDU-0171,STU-1171,Samuel Odhiambo Barasa,M,16,2010-09-24,2022-07-11,"8",Grade 7A,SCH003,Langata Plains School,Private,Nairobi,Nairobi,Nairobi,Lurambi,Kakamega,Western,T003,Esther Naliaka,F,Kiswahili,Kisumu East,Kisumu,Nyanza,SUB003,Kiswahili,Unknown,87,58,2500,No,Boarding
EDU-0266,STU-1266,Joy Jepchirchir Wario,M,16,2013-03-20,2022-07-24,"9",Grade 8B,SCH002,Embakasi Hope Junior,Public,Nairobi,Nairobi,Nairobi,Eldoret East,Uasin Gishu,Rift Valley,T002,Brian Kiptoo,M,English,Ruiru,Kiambu,Central,SUB002,English,Unknown,92,94,0,No,Day
EDU-0100,STU-1100,Mary Cherono Cheruiyot,M,15,2013-05-30,2023-10-28,"9",Grade 8B,SCH004,Ruiru Sunrise School,Public,Kiambu,Kiambu,Central,Langata,Nairobi,Nairobi,T004,Peter Mwangi,M,Biology,Thika Town,Kiambu,Central,SUB004,Biology,Unknown,59,56,15000,No,Day
EDU-0250,STU-1250,Susan Wafula Koech,F,12,2013-07-05,2024-03-06,"8",Grade 8B,SCH010,Lurambi Green School,Public,Kakamega,Kakamega,Western,Mvita,Mombasa,Coast,T004,Peter Mwangi,M,Biology,Thika Town,Kiambu,Central,SUB004,Biology,Unknown,71,59,10000,No,Hybrid
EDU-0267,STU-1267,Phyllis Kilonzo Hussein,M,18,2010-04-19,2024-07-27,"7",Grade 7B,"",Langata Plains School,Private,Nairobi,Nairobi,Nairobi,Naivasha,Nakuru,Rift Valley,T003,Esther Naliaka,F,Kiswahili,Kisumu East,Kisumu,Nyanza,SUB003,Kiswahili,Practical,52,93,7500,Partial,Boarding
EDU-0026,STU-1026,Eric Langat Wekesa,F,12,2013-12-10,2023-06-07,"8",Grade 7B,SCH002,Embakasi Hope Junior,Public,Nairobi,Nairobi,Nairobi,Lurambi,Kakamega,Western,T002,Brian Kiptoo,M,English,Ruiru,Kiambu,Central,SUB002,English,Unknown,50,92,1200,No,Boarding
EDU-0014,STU-1014,Oscar Rotich Mutiso,M,12,2013-06-30,2022-02-26,"8",Grade 8A,SCH002,Embakasi Hope Junior,Public,Nairobi,Nairobi,Nairobi,Eldoret East,Uasin Gishu,Rift Valley,T002,Brian Kiptoo,M,English,Ruiru,Kiambu,Central,SUB002,English,Practical,53,85,7500,Partial,Boarding
EDU-0062,STU-1062,Allan Mutua Ali,M,12,2015-02-27,2023-05-15,"7",Grade 7B,SCH002,Embakasi Hope Junior,Public,Nairobi,Nairobi,Nairobi,Langata,Nairobi,Nairobi,T002,Brian Kiptoo,M,English,Ruiru,Kiambu,Central,SUB002,English,CAT-2,79,0,1200,Yes,Boarding
EDU-0242,STU-1242,Agnes Nyambura Kiplimo,M,14,2011-04-15,2023-12-07,"7",Grade 7A,SCH002,Embakasi Hope Junior,Public,Nairobi,Nairobi,Nairobi,Thika Town,Kiambu,Central,T002,Brian Kiptoo,M,English,Ruiru,Kiambu,Central,SUB002,English,Unknown,87,66,0,Yes,Boarding
EDU-0214,STU-1214,Collins Odhiambo Njuguna,M,13,2011-03-20,2023-09-18,"7",Grade 7B,SCH010,Lurambi Green School,Public,Kakamega,Kakamega,Western,Westlands,Nairobi,Nairobi,T004,Peter Mwangi,M,Biology,Thika Town,Kiambu,Central,SUB004,Biology,Unknown,58,93,7500,No,Boarding
EDU-0015,STU-1015,Lians Muthoni Chebet,F,16,2015-09-13,2024-06-16,"8",Grade 9B,SCH003,Langata Plains School,Private,Nairobi,Nairobi,Nairobi,Naivasha,Nakuru,Rift Valley,T003,Esther Naliaka,F,Kiswahili,Kisumu East,Kisumu,Nyanza,SUB003,Kiswahili,End-Term,41,76,2500,Yes,Boarding
EDU-0148,STU-1148,Anthony Kariuki Korir,M,18,2015-01-12,2023-06-17,"7",Grade 7B,SCH004,Ruiru Sunrise School,Public,Kiambu,Kiambu,Central,Lurambi,Kakamega,Western,T004,Peter Mwangi,M,Biology,Thika Town,Kiambu,Central,SUB004,Biology,Practical,106,90,1200,No,Boarding
EDU-0098,STU-1098,Clinton Cherono Chebet,F,18,2014-12-12,2022-06-27,"9",Grade 8B,SCH002,Embakasi Hope Junior,Public,Nairobi,Nairobi,Nairobi,Eldoret East,Uasin Gishu,Rift Valley,T002,Brian Kiptoo,M,English,Ruiru,Kiambu,Central,SUB002,English,Mid-Term,26,69,2500,No,Day
EDU-0040,STU-1040,Brian Kiptoo Kiplimo,M,17,2011-03-15,2024-09-16,"8",Grade 7B,SCH004,Ruiru Sunrise School,Public,Kiambu,Kiambu,Central,Mvita,Mombasa,Coast,T004,Peter Mwangi,M,Biology,Thika Town,Kiambu,Central,SUB004,Biology,End-Term,51,67,5000,Partial,Unknown
EDU-0149,STU-1149,Nelly Nyanchama Were,Unknown,16,2011-03-18,2024-03-30,"7",Grade 7B,SCH005,Thika Digital Academy,Private,Kiambu,Kiambu,Central,Westlands,Nairobi,Nairobi,T005,Fatuma Ali,F,Computer Studies,Mvita,Mombasa,Coast,SUB005,Computer Studies,Practical,46,63,1200,No,Boarding
EDU-0096,STU-1096,Hassan Kiptoo Odhiambo,F,16,2010-10-23,2023-01-25,"7",Grade 7B,SCH012,Naivasha Bright School,Public,Nakuru,Nakuru,Rift Valley,Embakasi East,Nairobi,Nairobi,T006,Daniel Otieno,M,Business Studies,Eldoret East,Uasin Gishu,Rift Valley,SUB006,Business Studies,CAT-1,51,73,7500,Yes,Hybrid
EDU-0235,STU-1235,Caroline Nduta Njoroge,F,15,2012-01-15,2024-09-22,"8",Grade 7A,SCH007,Kisauni Future School,Private,Mombasa,Mombasa,Coast,Kisauni,Mombasa,Coast,T001,Amina Wanjiru,F,Mathematics,Westlands,Nairobi,Nairobi,SUB001,Mathematics,Unknown,90,91,0,No,Boarding
EDU-0218,STU-1218,Zainab Adhiambo Achieng,F,12,2015-03-03,2023-03-16,"9",Grade 9B,SCH002,Embakasi Hope Junior,Public,Nairobi,Nairobi,Nairobi,Embakasi East,Nairobi,Nairobi,T002,Brian Kiptoo,M,English,Ruiru,Kiambu,Central,SUB-ERR,English,CAT-1,87,72,7500,No,Day
EDU-0312,STU-1312,Mary Ochieng Chege,F,18,2010-03-12,2023-12-05,"7",Grade 9A,SCH012,Naivasha Bright School,Public,Nakuru,Nakuru,Rift Valley,Eldoret East,Uasin Gishu,Rift Valley,T006,Daniel Otieno,M,Business Studies,Eldoret East,Uasin Gishu,Rift Valley,SUB006,Business Studies,CAT-1,36,93,7500,No,Hybrid
EDU-0112,STU-1112,Hellen Mutua Wambua,F,17,2013-06-11,2022-08-04,"9",Grade 7A,SCH004,Ruiru Sunrise School,Public,Kiambu,Kiambu,Central,Thika Town,Kiambu,Central,T004,Peter Mwangi,M,Biology,Thika Town,Kiambu,Central,SUB004,Biology,Mid-Term,29,74,2500,Yes,Day
EDU-0313,STU-1313,Trixie Cherono Cheruiyot,F,17,2010-11-18,2024-03-09,"7",Grade 7A,SCH001,Garden Court Academy,Private,Nairobi,Nairobi,Nairobi,Naivasha,Nakuru,Rift Valley,T001,Amina Wanjiru,F,Mathematics,Westlands,Nairobi,Nairobi,SUB001,Mathematics,Unknown,25,83,7500,Partial,Boarding
EDU-0224,STU-1224,Edna Omondi Maiyo,M,14,2012-11-18,2022-06-29,"9",Grade 7A,SCH008,Kisumu Lakeview School,Public,Kisumu,Kisumu,Nyanza,Eldoret East,Uasin Gishu,Rift Valley,T002,Brian Kiptoo,M,English,Ruiru,Kiambu,Central,SUB002,English,Mid-Term,74,89,1200,No,Day
EDU-0189,STU-1189,Irene Mburu Omondi,M,13,2014-01-17,2023-09-09,"8",Grade 7A,SCH009,Eldoret Valley Academy,Private,Uasin Gishu,Uasin Gishu,Rift Valley,Kisauni,Mombasa,Coast,T003,Esther Naliaka,F,Kiswahili,Kisumu East,Kisumu,Nyanza,SUB003,Kiswahili,Mid-Term,60,59,15000,No,Boarding
EDU-0196,STU-1196,Moses Njoroge Wambua,M,14,2012-10-27,2023-02-21,"9",Grade 9B,SCH004,Ruiru Sunrise School,Public,Kiambu,Kiambu,Central,Thika Town,Kiambu,Central,T004,Peter Mwangi,M,Biology,Thika Town,Kiambu,Central,SUB004,Biology,Practical,79,88,10000,Yes,Hybrid
EDU-0201,STU-1201,Caleb Kiplagat Abdi,F,14,,2024-05-22,"8",Grade 9A,SCH009,Eldoret Valley Academy,Private,Uasin Gishu,Uasin Gishu,Rift Valley,Kisumu East,Kisumu,Nyanza,T003,Esther Naliaka,F,Kiswahili,Kisumu East,Kisumu,Nyanza,SUB003,Kiswahili,CAT-1,25,70,1200,Yes,Day
EDU-0038,STU-1038,Irene Naliaka Nyongesa,M,16,2010-09-20,2024-09-20,"9",Grade 8A,SCH002,Embakasi Hope Junior,Public,Nairobi,Nairobi,Nairobi,Naivasha,Nakuru,Rift Valley,T002,Brian Kiptoo,M,English,Ruiru,Kiambu,Central,SUB002,English,CAT-1,73,70,7500,Partial,Day
EDU-0243,STU-1243,Millicent Jepchirchir Bwire,M,14,2010-07-09,2023-01-08,"7",Grade 7B,SCH003,Langata Plains School,Private,Nairobi,Nairobi,Nairobi,Kisumu East,Kisumu,Nyanza,T003,Esther Naliaka,F,Kiswahili,Kisumu East,Kisumu,Nyanza,SUB003,Kiswahili,Unknown,88,82,10000,Partial,Boarding
EDU-0064,STU-1064,Ezra Mbugua Mwakio,F,13,2010-09-26,2023-01-05,"7",Grade 7B,SCH004,Ruiru Sunrise School,Public,Kiambu,Kiambu,Central,Lurambi,Kakamega,Western,T004,Peter Mwangi,M,Biology,Thika Town,Kiambu,Central,SUB004,Biology,Practical,67,85,15000,Partial,Hybrid
EDU-0279,STU-1279,Brian Cherono Kilonzo,Unknown,13,2011-10-04,2022-04-14,"7",Grade 7A,SCH003,Langata Plains School,Private,Nairobi,Nairobi,Nairobi,Westlands,Nairobi,Nairobi,T003,Esther Naliaka,F,Kiswahili,Kisumu East,Kisumu,Nyanza,SUB003,Kiswahili,Practical,87,0,7500,No,Hybrid
EDU-0305,STU-1305,Felix Mbugua Omondi,M,17,2011-02-28,2023-04-03,"8",Grade 7B,SCH005,Thika Digital Academy,Private,Kiambu,Kiambu,Central,Athi River,Machakos,Eastern,T005,Fatuma Ali,F,Computer Studies,Mvita,Mombasa,Coast,SUB005,Computer Studies,Practical,89,0,0,Partial,Day
EDU-0004,STU-1004,Caroline Mburu Lagat,F,13,2010-06-19,2023-11-13,"9",Grade 9B,SCH004,Ruiru Sunrise School,Public,Kiambu,Kiambu,Central,Westlands,Nairobi,Nairobi,T004,Peter Mwangi,M,Biology,Thika Town,Kiambu,Central,SUB004,Biology,CAT-2,69,73,5000,No,Boarding
EDU-0167,STU-1167,Dennis Odhiambo Mogere,F,17,2013-08-18,2024-03-13,"8",Grade 7B,SCH011,Athi River Stem School,Private,Machakos,Machakos,Eastern,Eldoret East,Uasin Gishu,Rift Valley,T005,Fatuma Ali,F,Computer Studies,Mvita,Mombasa,Coast,SUB005,Computer Studies,Practical,83,70,0,Partial,Hybrid
EDU-0089,STU-1089,Jemimah Auma Kipsang,M,12,2012-01-21,2024-08-29,"7",Grade 9A,"",Thika Digital Academy,Private,Kiambu,Kiambu,Central,Ruiru,Kiambu,Central,T005,Fatuma Ali,F,Computer Studies,Mvita,Mombasa,Coast,SUB005,Computer Studies,CAT-2,31,60,1200,Yes,Day
EDU-0126,STU-1126,Joseph Makena Kiprono,M,13,2011-03-12,2023-02-23,"7",Grade 9B,SCH006,Mvita Coast School,Public,Mombasa,Mombasa,Coast,Westlands,Nairobi,Nairobi,T006,Daniel Otieno,M,Business Studies,Eldoret East,Uasin Gishu,Rift Valley,SUB006,Business Studies,Practical,34,59,0,No,Unknown
EDU-0116,STU-1116,Naomi Omondi Kipsang,M,12,2012-04-12,2024-02-24,"8",Grade 7B,SCH008,Kisumu Lakeview School,Public,Kisumu,Kisumu,Nyanza,Thika Town,Kiambu,Central,T002,Brian Kiptoo,M,English,Ruiru,Kiambu,Central,SUB002,English,End-Term,58.5,0,1200,No,Day
EDU-0160,STU-1160,Hassan Maina Kilonzo,Unknown,18,2013-03-05,2024-01-30,"9",Grade 8B,SCH004,Ruiru Sunrise School,Public,Kiambu,Kiambu,Central,Athi River,Machakos,Eastern,T004,Peter Mwangi,M,Biology,Thika Town,Kiambu,Central,SUB004,Biology,CAT-1,48,89,0,Yes,Day
EDU-0295,STU-1295,Mary Akinyi Mutai,Unknown,16,2015-04-08,2023-04-11,"8",Grade 9A,SCH007,Kisauni Future School,Private,Mombasa,Mombasa,Coast,Ruiru,Kiambu,Central,T001,Amina Wanjiru,F,Mathematics,Westlands,Nairobi,Nairobi,SUB001,Mathematics,CAT-1,81,66,7500,Partial,Day
EDU-0085,STU-1085,George Njoroge Muthama,F,14,2010-05-13,2024-09-07,"7",Grade 8B,SCH001,Garden Court Academy,Private,Nairobi,Nairobi,Nairobi,Ruiru,Kiambu,Central,T001,Amina Wanjiru,F,Mathematics,Westlands,Nairobi,Nairobi,SUB001,Mathematics,Unknown,58.5,0,0,Yes,Day
EDU-0153,STU-1153,Lians Jepchirchir Rono,M,18,2011-12-24,2023-06-10,"9",Grade 8B,SCH009,Eldoret Valley Academy,Private,Uasin Gishu,Uasin Gishu,Rift Valley,Westlands,Nairobi,Nairobi,T003,Esther Naliaka,F,Kiswahili,Kisumu East,Kisumu,Nyanza,SUB003,Kiswahili,Practical,58.5,0,10000,Partial,Boarding
EDU-0041,STU-1041,John Barasa Were,F,12,2013-09-28,2022-01-18,"8",Grade 8A,SCH005,Thika Digital Academy,Private,Kiambu,Kiambu,Central,Eldoret East,Uasin Gishu,Rift Valley,T005,Fatuma Ali,F,Computer Studies,Mvita,Mombasa,Coast,SUB005,Computer Studies,Practical,4,94,5000,Partial,Day
EDU-0185,STU-1185,Samuel Achieng Njoroge,F,15,2010-05-10,2023-09-30,"9",Grade 9B,SCH005,Thika Digital Academy,Private,Kiambu,Kiambu,Central,Mvita,Mombasa,Coast,T005,Fatuma Ali,F,Computer Studies,Mvita,Mombasa,Coast,SUB005,Computer Studies,Practical,106,82,7500,Yes,Hybrid
EDU-0228,STU-1228,Purity Mburu Abdi,F,16,2015-03-03,2022-12-01,"8",Grade 8B,SCH012,Naivasha Bright School,Public,Nakuru,Nakuru,Rift Valley,Eldoret East,Uasin Gishu,Rift Valley,T006,Daniel Otieno,M,Business Studies,Eldoret East,Uasin Gishu,Rift Valley,SUB006,Business Studies,CAT-2,94,55,0,Partial,Boarding
EDU-0187,STU-1187,Grace Mutua Achieng,F,12,2014-05-09,2023-04-17,"7",Grade 7A,SCH007,Kisauni Future School,Private,Mombasa,Mombasa,Coast,Naivasha,Nakuru,Rift Valley,T001,Amina Wanjiru,F,Mathematics,Westlands,Nairobi,Nairobi,SUB001,Mathematics,CAT-1,58.5,57,7500,Partial,Day
EDU-0029,STU-1029,Victor Mutua Maalim,F,13,2013-09-28,2024-05-02,"7",Grade 8B,SCH005,Thika Digital Academy,Private,Kiambu,Kiambu,Central,Kisumu East,Kisumu,Nyanza,T005,Fatuma Ali,F,Computer Studies,Mvita,Mombasa,Coast,SUB005,Computer Studies,Unknown,58.5,92,7500,Yes,Day
EDU-0161,STU-1161,Leonard Naliaka Cheruiyot,Unknown,17,2010-08-03,2024-05-13,"9",Grade 7B,SCH005,Thika Digital Academy,Private,Kiambu,Kiambu,Central,Langata,Nairobi,Nairobi,T005,Fatuma Ali,F,Computer Studies,Mvita,Mombasa,Coast,SUB005,Computer Studies,Practical,96,0,2500,No,Hybrid
EDU-0207,STU-1207,Lians Makena Barasa,F,18,2012-05-20,2022-01-26,"9",Grade 9B,SCH003,Langata Plains School,Private,Nairobi,Nairobi,Nairobi,Langata,Nairobi,Nairobi,T003,Esther Naliaka,F,Kiswahili,Kisumu East,Kisumu,Nyanza,SUB003,Kiswahili,Practical,25,0,0,No,Day
EDU-0251,STU-1251,Patrick Mburu Wekesa,F,15,2012-02-29,2024-07-12,"8",Grade 7B,SCH011,Athi River Stem School,Private,Machakos,Machakos,Eastern,Eldoret East,Uasin Gishu,Rift Valley,T005,Fatuma Ali,F,Computer Studies,Mvita,Mombasa,Coast,SUB005,Computer Studies,CAT-1,22,72,10000,Partial,Unknown
EDU-0278,STU-1278,George Akinyi Mutiso,F,15,2010-06-17,2023-06-04,"8",Grade 8A,SCH002,Embakasi Hope Junior,Public,Nairobi,Nairobi,Nairobi,Lurambi,Kakamega,Western,T002,Brian Kiptoo,M,English,Ruiru,Kiambu,Central,SUB002,English,Practical,64,55,0,Yes,Unknown
EDU-0253,STU-1253,Rose Mwikali Serem,F,14,2014-04-16,2024-03-07,"7",Grade 9B,SCH001,Garden Court Academy,Private,Nairobi,Nairobi,Nairobi,Ruiru,Kiambu,Central,T001,Amina Wanjiru,F,Mathematics,Westlands,Nairobi,Nairobi,SUB001,Mathematics,Mid-Term,77,0,0,No,Boarding
EDU-0046,STU-1046,Felix Kariuki Musyoka,F,14,2014-10-02,2024-01-25,"7",Grade 7B,SCH010,Lurambi Green School,Public,Kakamega,Kakamega,Western,Westlands,Nairobi,Nairobi,T004,Peter Mwangi,M,Biology,Thika Town,Kiambu,Central,SUB004,Biology,CAT-1,87,0,10000,No,Day
EDU-0043,STU-1043,Mary Kariuki Musyoka,F,17,2011-07-10,2024-03-01,"8",Grade 9A,SCH007,Kisauni Future School,Private,Mombasa,Mombasa,Coast,Ruiru,Kiambu,Central,T001,Amina Wanjiru,F,Mathematics,Westlands,Nairobi,Nairobi,SUB001,Mathematics,End-Term,29,0,1200,Yes,Hybrid
EDU-0069,STU-1069,Trixie Nyambura Maalim,F,18,2011-06-29,2022-10-26,"8",Grade 9A,SCH009,Eldoret Valley Academy,Private,Uasin Gishu,Uasin Gishu,Rift Valley,Westlands,Nairobi,Nairobi,T003,Esther Naliaka,F,Kiswahili,Kisumu East,Kisumu,Nyanza,SUB003,Kiswahili,CAT-2,30,0,1200,No,Day
EDU-0276,STU-1276,Anthony Nduta Rono,M,13,2012-07-24,2022-04-29,"8",Grade 7B,SCH012,Naivasha Bright School,Public,Nakuru,Nakuru,Rift Valley,Ruiru,Kiambu,Central,T006,Daniel Otieno,M,Business Studies,Eldoret East,Uasin Gishu,Rift Valley,SUB006,Business Studies,Mid-Term,88,0,10000,Partial,Day
EDU-0322,STU-1322,Rose Achieng Ali,M,14,2010-12-27,2024-04-29,"8",Grade 9A,SCH010,Lurambi Green School,Public,Kakamega,Kakamega,Western,Thika Town,Kiambu,Central,T004,Peter Mwangi,M,Biology,Thika Town,Kiambu,Central,SUB004,Biology,Practical,40,0,15000,No,Boarding
EDU-0023,STU-1023,Daisy Achieng Kamau,F,15,2014-05-09,2022-06-22,"9",Grade 9B,SCH011,Athi River Stem School,Private,Machakos,Machakos,Eastern,Westlands,Nairobi,Nairobi,T005,Fatuma Ali,F,Computer Studies,Mvita,Mombasa,Coast,SUB005,Computer Studies,Mid-Term,86,0,1200,No,Hybrid
EDU-0172,STU-1172,Oscar Rotich Were,F,15,2015-09-06,2022-05-16,"8",Grade 9A,SCH004,Ruiru Sunrise School,Public,Kiambu,Kiambu,Central,Westlands,Nairobi,Nairobi,T004,Peter Mwangi,M,Biology,Thika Town,Kiambu,Central,SUB004,Biology,Mid-Term,89,0,2500,No,Day
EDU-0008,STU-1008,Esther Nyanchama Simiyu,F,12,2011-08-09,2022-09-02,"9",Grade 8B,SCH008,Kisumu Lakeview School,Public,Kisumu,Kisumu,Nyanza,Embakasi East,Nairobi,Nairobi,T002,Brian Kiptoo,M,English,Ruiru,Kiambu,Central,SUB002,English,CAT-1,37,86,15000,No,Boarding
EDU-0032,STU-1032,Dennis Mbugua Macharia,M,12,2011-09-02,2022-11-09,"9",Grade 9B,SCH008,Kisumu Lakeview School,Public,Kisumu,Kisumu,Nyanza,Thika Town,Kiambu,Central,T002,Brian Kiptoo,M,English,Ruiru,Kiambu,Central,SUB002,English,Unknown,33,98,2500,No,Day
EDU-0123,STU-1123,Isaac Kariuki Musyoka,F,12,2010-05-31,2024-08-20,"8",Grade 7A,SCH003,Langata Plains School,Private,Nairobi,Nairobi,Nairobi,Langata,Nairobi,Nairobi,T003,Esther Naliaka,F,Kiswahili,Kisumu East,Kisumu,Nyanza,SUB003,Kiswahili,Unknown,4,59,15000,No,Hybrid
EDU-0044,STU-1044,Martin Omondi Korir,F,16,2012-06-13,2022-01-21,"7",Grade 9A,SCH008,Kisumu Lakeview School,Public,Kisumu,Kisumu,Nyanza,Kisauni,Mombasa,Coast,T002,Brian Kiptoo,M,English,Ruiru,Kiambu,Central,SUB002,English,End-Term,72,81,7500,No,Unknown
EDU-0052,STU-1052,Irene Kiplagat Maalim,F,17,2015-02-03,2023-09-16,"8",Grade 8B,SCH004,Ruiru Sunrise School,Public,Kiambu,Kiambu,Central,Kisumu East,Kisumu,Nyanza,T004,Peter Mwangi,M,Biology,Thika Town,Kiambu,Central,SUB004,Biology,Unknown,56,90,0,Yes,Unknown
EDU-0104,STU-1104,Christine Wanjala Njuguna,F,18,2011-08-04,2022-01-15,"9",Grade 7A,SCH008,Kisumu Lakeview School,Public,Kisumu,Kisumu,Nyanza,Langata,Nairobi,Nairobi,T002,Brian Kiptoo,M,English,Ruiru,Kiambu,Central,SUB002,English,CAT-2,77,57,7500,No,Unknown
EDU-0269,STU-1269,Stephen Nekesa Cheruiyot,M,17,2010-02-02,2023-09-08,"7",Grade 8B,SCH005,Thika Digital Academy,Private,Kiambu,Kiambu,Central,Mvita,Mombasa,Coast,T005,Fatuma Ali,F,Computer Studies,Mvita,Mombasa,Coast,SUB005,Computer Studies,Mid-Term,91,96,7500,No,Unknown
EDU-0234,STU-1234,Ruth Ochieng Bett,M,18,2010-08-19,2022-04-29,"8",Grade 7A,SCH006,Mvita Coast School,Public,Mombasa,Mombasa,Coast,Ruiru,Kiambu,Central,T006,Daniel Otieno,M,Business Studies,Eldoret East,Uasin Gishu,Rift Valley,SUB006,Business Studies,End-Term,56,72,0,No,Hybrid
EDU-0317,STU-1317,Millicent Kariuki Barasa,M,15,2011-11-09,2023-09-05,"9",Grade 8B,SCH005,Thika Digital Academy,Private,Kiambu,Kiambu,Central,Westlands,Nairobi,Nairobi,T005,Fatuma Ali,F,Computer Studies,Mvita,Mombasa,Coast,SUB005,Computer Studies,CAT-1,38,55,0,Yes,Day
EDU-0264,STU-1264,Felix Odhiambo Mburu,M,13,2014-06-12,2022-07-03,"9",Grade 9A,SCH012,Naivasha Bright School,Public,Nakuru,Nakuru,Rift Valley,Embakasi East,Nairobi,Nairobi,T006,Daniel Otieno,M,Business Studies,Eldoret East,Uasin Gishu,Rift Valley,SUB006,Business Studies,Practical,28,93,10000,Yes,Boarding
EDU-0147,STU-1147,George Maina Kilonzo,F,13,2010-09-16,2024-03-10,"8",Grade 9B,SCH003,Langata Plains School,Private,Nairobi,Nairobi,Nairobi,Kisauni,Mombasa,Coast,T003,Esther Naliaka,F,Kiswahili,Kisumu East,Kisumu,Nyanza,SUB003,Kiswahili,CAT-1,83,62,1200,No,Hybrid
EDU-0170,STU-1170,Allan Jepchirchir Chege,M,16,2014-11-23,2022-10-02,"7",Grade 7A,SCH002,Embakasi Hope Junior,Public,Nairobi,Nairobi,Nairobi,Kisauni,Mombasa,Coast,T002,Brian Kiptoo,M,English,Ruiru,Kiambu,Central,SUB002,English,Practical,58.5,81,15000,Yes,Boarding
EDU-0204,STU-1204,Abdi Barasa Mbugua,M,17,2012-10-14,2022-01-30,"7",Grade 8A,SCH012,Naivasha Bright School,Public,Nakuru,Nakuru,Rift Valley,Mvita,Mombasa,Coast,T006,Daniel Otieno,M,Business Studies,Eldoret East,Uasin Gishu,Rift Valley,SUB006,Business Studies,Mid-Term,58.5,67,5000,No,Day
EDU-0051,STU-1051,Zainab Nyanchama Muli,M,12,2012-07-27,2024-09-05,"7",Grade 7A,SCH003,Langata Plains School,Private,Nairobi,Nairobi,Nairobi,Thika Town,Kiambu,Central,T003,Esther Naliaka,F,Kiswahili,Kisumu East,Kisumu,Nyanza,SUB003,Kiswahili,Unknown,58.5,69,0,Yes,Hybrid
EDU-0238,STU-1238,Naomi Muthoni Mogere,F,16,2010-08-19,2022-02-14,"9",Grade 8A,SCH010,Lurambi Green School,Public,Kakamega,Kakamega,Western,Thika Town,Kiambu,Central,T004,Peter Mwangi,M,Biology,Thika Town,Kiambu,Central,SUB004,Biology,Practical,58.5,83,10000,Yes,Hybrid
EDU-0259,STU-1259,Kevin Nyanchama Wanjala,F,17,2014-01-10,2023-01-13,"8",Grade 8A,SCH007,Kisauni Future School,Private,Mombasa,Mombasa,Coast,Athi River,Machakos,Eastern,T001,Amina Wanjiru,F,Mathematics,Westlands,Nairobi,Nairobi,SUB001,Mathematics,Mid-Term,106,94,7500,No,Boarding
EDU-0226,STU-1226,Rose Makena Mwangi,M,15,2013-01-13,2022-03-01,"7",Grade 7B,SCH010,Lurambi Green School,Public,Kakamega,Kakamega,Western,Langata,Nairobi,Nairobi,T004,Peter Mwangi,M,Biology,Thika Town,Kiambu,Central,SUB004,Biology,Practical,55,95,0,Partial,Day
EDU-0275,STU-1275,Sharon Achieng Nyongesa,M,14,2014-01-08,2022-04-22,"9",Grade 9A,SCH011,Athi River Stem School,Private,Machakos,Machakos,Eastern,Westlands,Nairobi,Nairobi,T005,Fatuma Ali,F,Computer Studies,Mvita,Mombasa,Coast,SUB005,Computer Studies,Mid-Term,41,92,0,Yes,Boarding
EDU-0316,STU-1316,Leonard Wekesa Wanjala,M,12,2014-01-25,2023-04-03,"7",Grade 7A,SCH004,Ruiru Sunrise School,Public,Kiambu,Kiambu,Central,Lurambi,Kakamega,Western,T004,Peter Mwangi,M,Biology,Thika Town,Kiambu,Central,SUB004,Biology,Mid-Term,69,70,5000,No,Hybrid
EDU-0150,STU-1150,Caleb Wanjala Cheruiyot,F,15,2013-09-09,2024-06-27,"9",Grade 9B,SCH006,Mvita Coast School,Public,Mombasa,Mombasa,Coast,Ruiru,Kiambu,Central,T006,Daniel Otieno,M,Business Studies,Eldoret East,Uasin Gishu,Rift Valley,SUB006,Business Studies,CAT-2,70,63,10000,Partial,Day
EDU-0020,STU-1020,Theo Mbugua Mogere,M,14,2013-02-18,2024-04-04,"9",Grade 8A,SCH008,Kisumu Lakeview School,Public,Kisumu,Kisumu,Nyanza,Langata,Nairobi,Nairobi,T002,Brian Kiptoo,M,English,Ruiru,Kiambu,Central,SUB002,English,CAT-1,67,96,0,Partial,Hybrid
EDU-0247,STU-1247,Wycliffe Njoroge Kiprono,M,16,2011-09-29,2024-07-05,"7",Grade 9B,SCH007,Kisauni Future School,Private,Mombasa,Mombasa,Coast,Eldoret East,Uasin Gishu,Rift Valley,T001,Amina Wanjiru,F,Mathematics,Westlands,Nairobi,Nairobi,SUB001,Mathematics,Practical,63,65,7500,Yes,Day
EDU-0286,STU-1286,John Chebet Bwire,F,15,2013-05-16,2022-05-01,"9",Grade 9A,SCH010,Lurambi Green School,Public,Kakamega,Kakamega,Western,Athi River,Machakos,Eastern,T004,Peter Mwangi,M,Biology,Thika Town,Kiambu,Central,SUB004,Biology,End-Term,53,82,0,Partial,Unknown
EDU-0157,STU-1157,Brian Njoki Muthama,Unknown,18,2011-08-31,2023-01-29,"7",Grade 7A,SCH001,Garden Court Academy,Private,Nairobi,Nairobi,Nairobi,Embakasi East,Nairobi,Nairobi,T001,Amina Wanjiru,F,Mathematics,Westlands,Nairobi,Nairobi,SUB001,Mathematics,CAT-1,62,75,7500,Partial,Boarding
EDU-0028,STU-1028,Jemimah Kiplagat Bett,F,15,2011-05-08,2022-09-14,"7",Grade 8A,SCH004,Ruiru Sunrise School,Public,Kiambu,Kiambu,Central,Thika Town,Kiambu,Central,T004,Peter Mwangi,M,Biology,Thika Town,Kiambu,Central,SUB004,Biology,CAT-1,43,64,1200,Partial,Day
EDU-0260,STU-1260,Sharon Muthoni Wario,F,16,2015-04-12,2024-08-23,"8",Grade 8A,SCH008,Kisumu Lakeview School,Public,Kisumu,Kisumu,Nyanza,Embakasi East,Nairobi,Nairobi,T002,Brian Kiptoo,M,English,Ruiru,Kiambu,Central,SUB002,English,Mid-Term,72,62,5000,Yes,Hybrid
EDU-0121,STU-1121,Winnie Makena Njeri,Unknown,18,2010-07-27,2024-05-30,"8",Grade 8B,SCH001,Garden Court Academy,Private,Nairobi,Nairobi,Nairobi,Eldoret East,Uasin Gishu,Rift Valley,T001,Amina Wanjiru,F,Mathematics,Westlands,Nairobi,Nairobi,SUB001,Mathematics,CAT-1,23,58,5000,Yes,Day
EDU-0006,STU-1006,Ezra Nekesa Hussein,M,12,2015-05-28,2022-02-28,"9",Grade 7A,SCH006,Mvita Coast School,Public,Mombasa,Mombasa,Coast,Kisauni,Mombasa,Coast,T006,Daniel Otieno,M,Business Studies,Eldoret East,Uasin Gishu,Rift Valley,SUB006,Business Studies,Practical,81,69,2500,Yes,Boarding
EDU-0067,STU-1067,Samuel Nyanchama Kiprotich,F,13,,2023-02-28,"9",Grade 8A,SCH007,Kisauni Future School,Private,Mombasa,Mombasa,Coast,Kisauni,Mombasa,Coast,T001,Amina Wanjiru,F,Mathematics,Westlands,Nairobi,Nairobi,SUB001,Mathematics,End-Term,57,91,7500,Partial,Boarding
EDU-0130,STU-1130,Peter Chebet Duale,Unknown,13,2012-05-28,2024-06-08,"8",Grade 9B,SCH010,Lurambi Green School,Public,Kakamega,Kakamega,Western,Westlands,Nairobi,Nairobi,T004,Peter Mwangi,M,Biology,Thika Town,Kiambu,Central,SUB004,Biology,End-Term,51,68,7500,No,Boarding
EDU-0271,STU-1271,Felix Moraa Wekesa,F,17,2014-10-04,2024-05-08,"8",Grade 8A,SCH007,Kisauni Future School,Private,Mombasa,Mombasa,Coast,Naivasha,Nakuru,Rift Valley,T001,Amina Wanjiru,F,Mathematics,Westlands,Nairobi,Nairobi,SUB001,Mathematics,CAT-1,88,89,1200,No,Hybrid
EDU-0144,STU-1144,Abdi Cherono Mutiso,Unknown,16,2015-03-31,2022-02-10,"9",Grade 9A,SCH012,Naivasha Bright School,Public,Nakuru,Nakuru,Rift Valley,Eldoret East,Uasin Gishu,Rift Valley,T006,Daniel Otieno,M,Business Studies,Eldoret East,Uasin Gishu,Rift Valley,SUB006,Business Studies,Mid-Term,30,82,1200,No,Day
EDU-0037,STU-1037,Ruth Kiptoo Achieng,F,15,2015-04-05,2023-06-21,"7",Grade 9A,SCH001,Garden Court Academy,Private,Nairobi,Nairobi,Nairobi,Eldoret East,Uasin Gishu,Rift Valley,T001,Amina Wanjiru,F,Mathematics,Westlands,Nairobi,Nairobi,SUB001,Mathematics,Mid-Term,106,72,1200,Yes,Hybrid
EDU-0324,STU-1324,Boniface Rotich Mohamed,F,13,2012-12-05,2023-05-21,"9",Grade 9B,SCH012,Naivasha Bright School,Public,Nakuru,Nakuru,Rift Valley,Athi River,Machakos,Eastern,T006,Daniel Otieno,M,Business Studies,Eldoret East,Uasin Gishu,Rift Valley,SUB006,Business Studies,CAT-1,59,62,5000,Partial,Boarding
EDU-0124,STU-1124,Zainab Mbugua Kipsang,Unknown,13,2015-03-19,2024-04-19,"9",Grade 9B,SCH004,Ruiru Sunrise School,Public,Kiambu,Kiambu,Central,Mvita,Mombasa,Coast,T004,Peter Mwangi,M,Biology,Thika Town,Kiambu,Central,SUB004,Biology,CAT-1,23,0,0,No,Boarding
EDU-0158,STU-1158,Isaac Wanjiru Musyoka,M,17,2012-01-18,2022-08-18,"8",Grade 9B,SCH002,Embakasi Hope Junior,Public,Nairobi,Nairobi,Nairobi,Thika Town,Kiambu,Central,T002,Brian Kiptoo,M,English,Ruiru,Kiambu,Central,SUB002,English,Mid-Term,22,86,5000,Yes,Day
EDU-0320,STU-1320,Lians Kilonzo Mwakio,F,16,2010-03-06,2023-03-23,"9",Grade 9A,SCH008,Kisumu Lakeview School,Public,Kisumu,Kisumu,Nyanza,Lurambi,Kakamega,Western,T002,Brian Kiptoo,M,English,Ruiru,Kiambu,Central,SUB002,English,Practical,87,66,5000,Partial,Boarding
EDU-0193,STU-1193,Hassan Makena Ali,F,13,2011-09-30,2023-07-28,"7",Grade 9A,SCH001,Garden Court Academy,Private,Nairobi,Nairobi,Nairobi,Kisauni,Mombasa,Coast,T001,Amina Wanjiru,F,Mathematics,Westlands,Nairobi,Nairobi,SUB001,Mathematics,CAT-2,35,88,0,No,Boarding
EDU-0246,STU-1246,Ivy Adhiambo Kamau,M,14,2014-01-07,2024-07-26,"7",Grade 9B,SCH006,Mvita Coast School,Public,Mombasa,Mombasa,Coast,Mvita,Mombasa,Coast,T006,Daniel Otieno,M,Business Studies,Eldoret East,Uasin Gishu,Rift Valley,SUB006,Business Studies,Practical,4,63,2500,Yes,Day
EDU-0054,STU-1054,Samuel Nyambura Kariuki,M,13,2010-09-19,2024-08-29,"7",Grade 8A,SCH006,Mvita Coast School,Public,Mombasa,Mombasa,Coast,Embakasi East,Nairobi,Nairobi,T006,Daniel Otieno,M,Business Studies,Eldoret East,Uasin Gishu,Rift Valley,SUB006,Business Studies,Practical,22,85,7500,No,Boarding
EDU-0035,STU-1035,Caroline Koech Odhiambo,F,12,2014-03-24,2022-08-24,"7",Grade 9B,SCH011,Athi River Stem School,Private,Machakos,Machakos,Eastern,Langata,Nairobi,Nairobi,T005,Fatuma Ali,F,Computer Studies,Mvita,Mombasa,Coast,SUB005,Computer Studies,Mid-Term,77,100,10000,Yes,Boarding
EDU-0262,STU-1262,Boniface Mbugua Waweru,M,17,2015-09-12,2024-09-05,"9",Grade 7A,SCH010,Lurambi Green School,Public,Kakamega,Kakamega,Western,Kisumu East,Kisumu,Nyanza,T004,Peter Mwangi,M,Biology,Thika Town,Kiambu,Central,SUB004,Biology,End-Term,92,62,1200,Yes,Unknown
EDU-0125,STU-1125,Mercy Wairimu Chege,F,15,2012-05-28,2024-02-04,"8",Grade 8B,SCH005,Thika Digital Academy,Private,Kiambu,Kiambu,Central,Eldoret East,Uasin Gishu,Rift Valley,T005,Fatuma Ali,F,Computer Studies,Mvita,Mombasa,Coast,SUB005,Computer Studies,CAT-1,95,86,1200,No,Boarding
EDU-0079,STU-1079,Elijah Omondi Muli,M,15,2015-08-04,2024-09-11,"8",Grade 9A,SCH007,Kisauni Future School,Private,Mombasa,Mombasa,Coast,Eldoret East,Uasin Gishu,Rift Valley,T001,Amina Wanjiru,F,Mathematics,Westlands,Nairobi,Nairobi,SUB001,Mathematics,End-Term,79,71,5000,No,Boarding
EDU-0088,STU-1088,Christine Kilonzo Bwire,F,13,2013-08-24,2022-07-21,"8",Grade 8B,SCH004,Ruiru Sunrise School,Public,Kiambu,Kiambu,Central,Westlands,Nairobi,Nairobi,T004,Peter Mwangi,M,Biology,Thika Town,Kiambu,Central,SUB004,Biology,End-Term,42,91,2500,Partial,Boarding
EDU-0120,STU-1120,Moureen Kiptoo Mutai,M,12,2011-06-11,2022-08-31,"8",Grade 7A,SCH012,Naivasha Bright School,Public,Nakuru,Nakuru,Rift Valley,Mvita,Mombasa,Coast,T006,Daniel Otieno,M,Business Studies,Eldoret East,Uasin Gishu,Rift Valley,SUB006,Business Studies,Mid-Term,51,86,1200,Yes,Day
EDU-0009,STU-1009,Nelly Mbugua Kiprono,F,15,2010-10-28,2024-06-18,"8",Grade 9A,SCH009,Eldoret Valley Academy,Private,Uasin Gishu,Uasin Gishu,Rift Valley,Thika Town,Kiambu,Central,T003,Esther Naliaka,F,Kiswahili,Kisumu East,Kisumu,Nyanza,SUB003,Kiswahili,CAT-1,23,69,7500,No,Hybrid
EDU-0244,STU-1244,Rose Ochieng Kamau,F,15,2011-02-28,2022-12-14,"8",Grade 9B,SCH004,Ruiru Sunrise School,Public,Kiambu,Kiambu,Central,Athi River,Machakos,Eastern,T004,Peter Mwangi,M,Biology,Thika Town,Kiambu,Central,SUB004,Biology,Unknown,93,90,0,No,Day
EDU-0031,STU-1031,Allan Nekesa Wambua,F,18,2014-08-05,2023-11-29,"9",Grade 8A,SCH007,Kisauni Future School,Private,Mombasa,Mombasa,Coast,Embakasi East,Nairobi,Nairobi,T001,Amina Wanjiru,F,Mathematics,Westlands,Nairobi,Nairobi,SUB001,Mathematics,Unknown,84,0,1200,No,Hybrid
EDU-0140,STU-1140,Boniface Nyanchama Awino,F,12,2010-11-11,2024-04-06,"8",Grade 8B,SCH008,Kisumu Lakeview School,Public,Kisumu,Kisumu,Nyanza,Eldoret East,Uasin Gishu,Rift Valley,T002,Brian Kiptoo,M,English,Ruiru,Kiambu,Central,SUB002,English,End-Term,42,90,15000,Partial,Day
EDU-0298,STU-1298,Trixie Koech Njoroge,F,16,2010-02-27,2022-08-12,"9",Grade 8B,SCH010,Lurambi Green School,Public,Kakamega,Kakamega,Western,Westlands,Nairobi,Nairobi,T004,Peter Mwangi,M,Biology,Thika Town,Kiambu,Central,SUB004,Biology,Practical,24,76,7500,No,Boarding
EDU-0135,STU-1135,Brian Odhiambo Lagat,M,16,2014-03-01,2023-07-18,"7",Grade 8A,SCH003,Langata Plains School,Private,Nairobi,Nairobi,Nairobi,Thika Town,Kiambu,Central,T003,Esther Naliaka,F,Kiswahili,Kisumu East,Kisumu,Nyanza,SUB003,Kiswahili,CAT-2,49,65,1200,No,Day
EDU-0165,STU-1165,Gladys Mutua Musyoka,M,14,2010-04-23,2024-07-13,"8",Grade 9B,SCH009,Eldoret Valley Academy,Private,Uasin Gishu,Uasin Gishu,Rift Valley,Langata,Nairobi,Nairobi,T003,Esther Naliaka,F,Kiswahili,Kisumu East,Kisumu,Nyanza,SUB003,Kiswahili,End-Term,62,80,7500,No,Boarding
EDU-0294,STU-1294,Rose Nyanchama Mwakio,M,18,2012-07-18,2023-07-15,"7",Grade 8A,SCH006,Mvita Coast School,Public,Mombasa,Mombasa,Coast,Westlands,Nairobi,Nairobi,T006,Daniel Otieno,M,Business Studies,Eldoret East,Uasin Gishu,Rift Valley,SUB006,Business Studies,Unknown,73,78,0,Yes,Hybrid
EDU-0307,STU-1307,Isaac Atieno Maalim,M,16,2013-08-16,2022-01-14,"7",Grade 8B,SCH007,Kisauni Future School,Private,Mombasa,Mombasa,Coast,Thika Town,Kiambu,Central,T001,Amina Wanjiru,F,Mathematics,Westlands,Nairobi,Nairobi,SUB001,Mathematics,Mid-Term,68,92,2500,Yes,Day
EDU-0027,STU-1027,Abdi Mburu Kipsang,M,16,2015-06-10,2022-05-29,"8",Grade 7B,SCH003,Langata Plains School,Private,Nairobi,Nairobi,Nairobi,Westlands,Nairobi,Nairobi,T003,Esther Naliaka,F,Kiswahili,Kisumu East,Kisumu,Nyanza,SUB003,Kiswahili,End-Term,27,87,7500,Yes,Boarding
EDU-0042,STU-1042,Omar Wambui Duale,F,17,2013-09-27,2022-09-09,"7",Grade 8B,SCH006,Mvita Coast School,Public,Mombasa,Mombasa,Coast,Westlands,Nairobi,Nairobi,T006,Daniel Otieno,M,Business Studies,Eldoret East,Uasin Gishu,Rift Valley,SUB006,Business Studies,Mid-Term,71,89,1200,No,Unknown
EDU-0033,STU-1033,Omar Chebet Lagat,M,17,2011-01-27,2024-03-23,"8",Grade 9A,SCH009,Eldoret Valley Academy,Private,Uasin Gishu,Uasin Gishu,Rift Valley,Kisumu East,Kisumu,Nyanza,T003,Esther Naliaka,F,Kiswahili,Kisumu East,Kisumu,Nyanza,SUB003,Kiswahili,CAT-2,98,70,10000,Partial,Unknown
EDU-0075,STU-1075,Agnes Mutua Kariuki,M,17,2012-10-03,2023-09-18,"8",Grade 8A,SCH003,Langata Plains School,Private,Nairobi,Nairobi,Nairobi,Kisumu East,Kisumu,Nyanza,T003,Esther Naliaka,F,Kiswahili,Kisumu East,Kisumu,Nyanza,SUB003,Kiswahili,CAT-1,29,65,10000,No,Boarding
EDU-0036,STU-1036,Evans Atieno Nyaga,M,16,2011-02-18,2022-06-08,"8",Grade 8A,SCH012,Naivasha Bright School,Public,Nakuru,Nakuru,Rift Valley,Mvita,Mombasa,Coast,T006,Daniel Otieno,M,Business Studies,Eldoret East,Uasin Gishu,Rift Valley,SUB006,Business Studies,End-Term,85,60,2500,Yes,Hybrid
EDU-0288,STU-1288,Mary Omondi Njeri,F,16,2011-08-30,2024-05-09,"9",Grade 7A,SCH012,Naivasha Bright School,Public,Nakuru,Nakuru,Rift Valley,Mvita,Mombasa,Coast,T006,Daniel Otieno,M,Business Studies,Eldoret East,Uasin Gishu,Rift Valley,SUB006,Business Studies,CAT-2,38,90,7500,No,Boarding
EDU-0268,STU-1268,Zainab Chebet Mwakio,Unknown,12,,2022-06-13,"9",Grade 8B,SCH004,Ruiru Sunrise School,Public,Kiambu,Kiambu,Central,Langata,Nairobi,Nairobi,T004,Peter Mwangi,M,Biology,Thika Town,Kiambu,Central,SUB004,Biology,Practical,79,91,10000,Yes,Day
EDU-0177,STU-1177,Lians Makena Kiplimo,Unknown,16,2014-05-01,2023-12-09,"7",Grade 8B,SCH009,Eldoret Valley Academy,Private,Uasin Gishu,Uasin Gishu,Rift Valley,Thika Town,Kiambu,Central,T003,Esther Naliaka,F,Kiswahili,Kisumu East,Kisumu,Nyanza,SUB003,Kiswahili,End-Term,60,76,0,Yes,Day
EDU-0022,STU-1022,Evans Wekesa Nyaga,F,15,2015-05-07,2023-04-04,"9",Grade 8A,SCH010,Lurambi Green School,Public,Kakamega,Kakamega,Western,Lurambi,Kakamega,Western,T004,Peter Mwangi,M,Biology,Thika Town,Kiambu,Central,SUB004,Biology,Practical,91,90,7500,No,Boarding
EDU-0197,STU-1197,Gladys Jepchirchir Muthama,M,15,2014-05-21,2024-06-07,"8",Grade 9B,SCH005,Thika Digital Academy,Private,Kiambu,Kiambu,Central,Kisumu East,Kisumu,Nyanza,T005,Fatuma Ali,F,Computer Studies,Mvita,Mombasa,Coast,SUB005,Computer Studies,Mid-Term,90,72,2500,No,Boarding
EDU-0310,STU-1310,Dennis Odhiambo Njuguna,M,16,2012-05-04,2024-04-14,"9",Grade 9B,SCH010,Lurambi Green School,Public,Kakamega,Kakamega,Western,Langata,Nairobi,Nairobi,T004,Peter Mwangi,M,Biology,Thika Town,Kiambu,Central,SUB004,Biology,Practical,57,0,0,Yes,Day
EDU-0273,STU-1273,Isaac Adhiambo Maiyo,Unknown,14,2012-03-22,2023-08-04,"8",Grade 8A,SCH009,Eldoret Valley Academy,Private,Uasin Gishu,Uasin Gishu,Rift Valley,Kisauni,Mombasa,Coast,T003,Esther Naliaka,F,Kiswahili,Kisumu East,Kisumu,Nyanza,SUB003,Kiswahili,Practical,56,88,2500,No,Hybrid
EDU-0012,STU-1012,Grace Maina Njeri,M,16,2013-02-24,2023-02-04,"9",Grade 8B,SCH012,Naivasha Bright School,Public,Nakuru,Nakuru,Rift Valley,Embakasi East,Nairobi,Nairobi,T006,Daniel Otieno,M,Business Studies,Eldoret East,Uasin Gishu,Rift Valley,SUB006,Business Studies,Practical,89,86,0,Partial,Hybrid
EDU-0236,STU-1236,Leonard Wanjala Kamau,F,13,2012-03-05,2022-10-18,"7",Grade 9B,SCH008,Kisumu Lakeview School,Public,Kisumu,Kisumu,Nyanza,Lurambi,Kakamega,Western,T002,Brian Kiptoo,M,English,Ruiru,Kiambu,Central,SUB002,English,Practical,95,0,0,No,Boarding
EDU-0291,STU-1291,Peter Naliaka Nyongesa,M,17,2011-06-07,2023-10-22,"9",Grade 8B,SCH003,Langata Plains School,Private,Nairobi,Nairobi,Nairobi,Langata,Nairobi,Nairobi,T003,Esther Naliaka,F,Kiswahili,Kisumu East,Kisumu,Nyanza,SUB003,Kiswahili,Unknown,76,74,1200,No,Boarding
EDU-0240,STU-1240,Leonard Rotich Kimutai,F,13,2013-05-13,2023-03-17,"8",Grade 8B,SCH012,Naivasha Bright School,Public,Nakuru,Nakuru,Rift Valley,Athi River,Machakos,Eastern,T006,Daniel Otieno,M,Business Studies,Eldoret East,Uasin Gishu,Rift Valley,SUB006,Business Studies,Mid-Term,36,80,15000,No,Boarding
EDU-0057,STU-1057,Winnie Barasa Njeri,M,16,2012-06-01,2023-07-29,"8",Grade 8A,SCH009,Eldoret Valley Academy,Private,Uasin Gishu,Uasin Gishu,Rift Valley,Naivasha,Nakuru,Rift Valley,T003,Esther Naliaka,F,Kiswahili,Kisumu East,Kisumu,Nyanza,SUB003,Kiswahili,Practical,55,73,15000,No,Hybrid
EDU-0146,STU-1146,Bridgit Wairimu Abdi,M,17,2013-06-03,2022-05-15,"7",Grade 7A,SCH002,Embakasi Hope Junior,Public,Nairobi,Nairobi,Nairobi,Langata,Nairobi,Nairobi,T002,Brian Kiptoo,M,English,Ruiru,Kiambu,Central,SUB002,English,CAT-2,48,92,15000,Partial,Boarding
EDU-0122,STU-1122,Silas Auma Abdi,M,18,2011-02-28,2023-06-22,"9",Grade 8A,SCH002,Embakasi Hope Junior,Public,Nairobi,Nairobi,Nairobi,Naivasha,Nakuru,Rift Valley,T002,Brian Kiptoo,M,English,Ruiru,Kiambu,Central,SUB002,English,Practical,34,66,2500,Yes,Unknown
EDU-0164,STU-1164,Agnes Wanjiru Koech,F,18,2014-02-02,2023-06-20,"9",Grade 8B,SCH008,Kisumu Lakeview School,Public,Kisumu,Kisumu,Nyanza,Naivasha,Nakuru,Rift Valley,T002,Brian Kiptoo,M,English,Ruiru,Kiambu,Central,SUB002,English,CAT-2,4,58,0,Partial,Day
EDU-0285,STU-1285,Daisy Moraa Muli,M,16,2011-05-11,2022-02-02,"9",Grade 7A,SCH009,Eldoret Valley Academy,Private,Uasin Gishu,Uasin Gishu,Rift Valley,Kisumu East,Kisumu,Nyanza,T003,Esther Naliaka,F,Kiswahili,Kisumu East,Kisumu,Nyanza,SUB003,Kiswahili,CAT-2,96,94,0,Yes,Day
EDU-0137,STU-1137,Millicent Akinyi Muthama,M,13,2015-04-14,2023-11-09,"8",Grade 7B,SCH005,Thika Digital Academy,Private,Kiambu,Kiambu,Central,Athi River,Machakos,Eastern,T005,Fatuma Ali,F,Computer Studies,Mvita,Mombasa,Coast,SUB005,Computer Studies,CAT-1,68,68,5000,Yes,Day
EDU-0222,STU-1222,Zainab Mburu Kamau,F,14,2012-04-23,2022-05-17,"9",Grade 8A,SCH006,Mvita Coast School,Public,Mombasa,Mombasa,Coast,Embakasi East,Nairobi,Nairobi,T006,Daniel Otieno,M,Business Studies,Eldoret East,Uasin Gishu,Rift Valley,SUB006,Business Studies,CAT-1,106,98,7500,Partial,Day
EDU-0134,STU-1134,Clinton Maina Cheruiyot,Unknown,16,,2024-06-24,"8",Grade 8B,SCH002,Embakasi Hope Junior,Public,Nairobi,Nairobi,Nairobi,Embakasi East,Nairobi,Nairobi,T002,Brian Kiptoo,M,English,Ruiru,Kiambu,Central,SUB002,English,Mid-Term,52,61,7500,No,Day
EDU-0263,STU-1263,Doreen Makena Wekesa,M,16,2015-05-23,2022-02-16,"8",Grade 9A,SCH011,Athi River Stem School,Private,Machakos,Machakos,Eastern,Athi River,Machakos,Eastern,T005,Fatuma Ali,F,Computer Studies,Mvita,Mombasa,Coast,SUB005,Computer Studies,Mid-Term,37,81,1200,No,Day
EDU-0082,STU-1082,Kevin Wekesa Mogere,F,14,2014-06-30,2022-06-15,"9",Grade 9B,SCH010,Lurambi Green School,Public,Kakamega,Kakamega,Western,Mvita,Mombasa,Coast,T004,Peter Mwangi,M,Biology,Thika Town,Kiambu,Central,SUB004,Biology,Mid-Term,4,62,5000,No,Day
EDU-0277,STU-1277,Nelly Kiptoo Kiprotich,F,16,2010-03-20,2022-09-10,"8",Grade 8A,SCH001,Garden Court Academy,Private,Nairobi,Nairobi,Nairobi,Kisauni,Mombasa,Coast,T001,Amina Wanjiru,F,Mathematics,Westlands,Nairobi,Nairobi,SUB001,Mathematics,Practical,75,98,10000,Partial,Boarding
EDU-0068,STU-1068,Zainab Maina Mwakio,Unknown,16,2011-12-02,2022-08-13,"8",Grade 8B,SCH008,Kisumu Lakeview School,Public,Kisumu,Kisumu,Nyanza,Lurambi,Kakamega,Western,T002,Brian Kiptoo,M,English,Ruiru,Kiambu,Central,SUB002,English,Practical,58.5,100,0,Yes,Boarding
EDU-0156,STU-1156,Caroline Njoki Chege,M,16,2012-11-09,2024-02-25,"7",Grade 8A,SCH012,Naivasha Bright School,Public,Nakuru,Nakuru,Rift Valley,Athi River,Machakos,Eastern,T006,Daniel Otieno,M,Business Studies,Eldoret East,Uasin Gishu,Rift Valley,SUB006,Business Studies,Practical,96,83,1200,Partial,Hybrid
EDU-0245,STU-1245,Daniel Kiptoo Njeri,M,17,2013-09-22,2024-07-22,"7",Grade 8B,SCH005,Thika Digital Academy,Private,Kiambu,Kiambu,Central,Langata,Nairobi,Nairobi,T005,Fatuma Ali,F,Computer Studies,Mvita,Mombasa,Coast,SUB005,Computer Studies,Practical,29,87,7500,Yes,Hybrid
EDU-0233,STU-1233,Martin Cherono Njeri,M,14,2010-07-01,2022-10-30,"7",Grade 7A,SCH005,Thika Digital Academy,Private,Kiambu,Kiambu,Central,Westlands,Nairobi,Nairobi,T005,Fatuma Ali,F,Computer Studies,Mvita,Mombasa,Coast,SUB005,Computer Studies,CAT-2,91,84,0,No,Boarding
EDU-0225,STU-1225,Ezra Nekesa Awino,M,12,2014-01-28,2024-07-25,"9",Grade 9B,SCH009,Eldoret Valley Academy,Private,Uasin Gishu,Uasin Gishu,Rift Valley,Naivasha,Nakuru,Rift Valley,T003,Esther Naliaka,F,Kiswahili,Kisumu East,Kisumu,Nyanza,SUB003,Kiswahili,CAT-1,76,72,15000,No,Boarding
EDU-0315,STU-1315,Esther Akinyi Simiyu,M,14,2012-11-07,2022-06-24,"9",Grade 9B,SCH003,Langata Plains School,Private,Nairobi,Nairobi,Nairobi,Kisauni,Mombasa,Coast,T003,Esther Naliaka,F,Kiswahili,Kisumu East,Kisumu,Nyanza,SUB003,Kiswahili,Practical,34,70,2500,Yes,Hybrid
EDU-0296,STU-1296,Gladys Chebet Mogere,F,13,2014-09-22,2024-01-22,"9",Grade 8A,SCH008,Kisumu Lakeview School,Public,Kisumu,Kisumu,Nyanza,Kisauni,Mombasa,Coast,T002,Brian Kiptoo,M,English,Ruiru,Kiambu,Central,SUB002,English,Practical,106,95,15000,No,Boarding
EDU-0070,STU-1070,Moureen Ochieng Wekesa,F,13,2011-01-21,2024-03-17,"8",Grade 7A,SCH010,Lurambi Green School,Public,Kakamega,Kakamega,Western,Thika Town,Kiambu,Central,T004,Peter Mwangi,M,Biology,Thika Town,Kiambu,Central,SUB004,Biology,Practical,63,84,1200,No,Hybrid
EDU-0232,STU-1232,Daniel Mburu Kimutai,F,18,2011-11-11,2022-06-30,"8",Grade 8B,SCH004,Ruiru Sunrise School,Public,Kiambu,Kiambu,Central,Lurambi,Kakamega,Western,T004,Peter Mwangi,M,Biology,Thika Town,Kiambu,Central,SUB004,Biology,End-Term,58.5,64,7500,Yes,Day
EDU-0221,STU-1221,Winnie Nduta Bett,F,15,2015-04-14,2023-01-25,"7",Grade 8B,SCH005,Thika Digital Academy,Private,Kiambu,Kiambu,Central,Athi River,Machakos,Eastern,T005,Fatuma Ali,F,Computer Studies,Mvita,Mombasa,Coast,SUB005,Computer Studies,CAT-1,58.5,87,2500,Partial,Hybrid
EDU-0203,STU-1203,Doreen Jepchirchir Lagat,M,13,2011-01-04,2023-06-22,"7",Grade 8B,SCH011,Athi River Stem School,Private,Machakos,Machakos,Eastern,Langata,Nairobi,Nairobi,T005,Fatuma Ali,F,Computer Studies,Mvita,Mombasa,Coast,SUB005,Computer Studies,Unknown,58.5,82,0,Yes,Day
EDU-0058,STU-1058,Peter Auma Wekesa,F,15,2012-07-16,2024-06-26,"9",Grade 7A,SCH010,Lurambi Green School,Public,Kakamega,Kakamega,Western,Langata,Nairobi,Nairobi,T004,Peter Mwangi,M,Biology,Thika Town,Kiambu,Central,SUB004,Biology,Practical,58.5,64,1200,Yes,Boarding
EDU-0136,STU-1136,Lians Mbugua Onyango,M,13,2015-07-16,2024-02-29,"9",Grade 8A,SCH004,Ruiru Sunrise School,Public,Kiambu,Kiambu,Central,Kisumu East,Kisumu,Nyanza,T004,Peter Mwangi,M,Biology,Thika Town,Kiambu,Central,SUB004,Biology,Practical,58.5,82,0,No,Boarding
EDU-0102,STU-1102,Kelvin Atieno Ochieng,F,16,2010-03-05,2022-11-27,"9",Grade 9B,SCH006,Mvita Coast School,Public,Mombasa,Mombasa,Coast,Eldoret East,Uasin Gishu,Rift Valley,T006,Daniel Otieno,M,Business Studies,Eldoret East,Uasin Gishu,Rift Valley,SUB006,Business Studies,CAT-1,58.5,56,15000,Partial,Boarding
EDU-0290,STU-1290,Mercy Wafula Bwire,M,13,2014-09-13,2024-03-23,"9",Grade 8A,SCH002,Embakasi Hope Junior,Public,Nairobi,Nairobi,Nairobi,Naivasha,Nakuru,Rift Valley,T002,Brian Kiptoo,M,English,Ruiru,Kiambu,Central,SUB002,English,Practical,58.5,98,0,No,Boarding
EDU-0319,STU-1319,Nelly Nyanchama Kamau,M,18,2015-05-12,2023-11-17,"7",Grade 9B,SCH007,Kisauni Future School,Private,Mombasa,Mombasa,Coast,Kisauni,Mombasa,Coast,T001,Amina Wanjiru,F,Mathematics,Westlands,Nairobi,Nairobi,SUB001,Mathematics,End-Term,58.5,75,15000,No,Boarding
EDU-0129,STU-1129,Faith Cherono Ali,M,18,2014-05-02,2024-03-25,"7",Grade 9B,SCH009,Eldoret Valley Academy,Private,Uasin Gishu,Uasin Gishu,Rift Valley,Lurambi,Kakamega,Western,T003,Esther Naliaka,F,Kiswahili,Kisumu East,Kisumu,Nyanza,SUB003,Kiswahili,Unknown,39,0,7500,No,Boarding
EDU-0301,STU-1301,Purity Wambui Chebet,F,16,2011-03-10,2024-08-30,"9",Grade 7B,SCH001,Garden Court Academy,Private,Nairobi,Nairobi,Nairobi,Athi River,Machakos,Eastern,T001,Amina Wanjiru,F,Mathematics,Westlands,Nairobi,Nairobi,SUB001,Mathematics,Practical,70,0,0,No,Boarding
EDU-0092,STU-1092,Dennis Odhiambo Maiyo,M,17,2011-11-08,2022-12-06,"8",Grade 8A,SCH008,Kisumu Lakeview School,Public,Kisumu,Kisumu,Nyanza,Embakasi East,Nairobi,Nairobi,T002,Brian Kiptoo,M,English,Ruiru,Kiambu,Central,SUB002,English,Mid-Term,43,0,7500,No,Day
EDU-0258,STU-1258,Boniface Nduta Kituku,F,14,2013-10-28,2024-09-13,"8",Grade 8B,SCH006,Mvita Coast School,Public,Mombasa,Mombasa,Coast,Kisauni,Mombasa,Coast,T006,Daniel Otieno,M,Business Studies,Eldoret East,Uasin Gishu,Rift Valley,SUB006,Business Studies,Practical,27,0,2500,Yes,Boarding
EDU-0138,STU-1138,Rose Odhiambo Kipsang,F,16,2012-04-18,2023-09-24,"9",Grade 8A,SCH006,Mvita Coast School,Public,Mombasa,Mombasa,Coast,Embakasi East,Nairobi,Nairobi,T006,Daniel Otieno,M,Business Studies,Eldoret East,Uasin Gishu,Rift Valley,SUB006,Business Studies,Practical,45,0,15000,No,Boarding
EDU-0249,STU-1249,Allan Maina Kilonzo,M,15,2012-01-12,2023-10-06,"7",Grade 9A,SCH009,Eldoret Valley Academy,Private,Uasin Gishu,Uasin Gishu,Rift Valley,Langata,Nairobi,Nairobi,T003,Esther Naliaka,F,Kiswahili,Kisumu East,Kisumu,Nyanza,SUB003,Kiswahili,Mid-Term,54,76,0,Yes,Day
EDU-0166,STU-1166,Herbert Cherono Koech,Unknown,17,2010-08-22,2023-03-24,"9",Grade 9A,SCH010,Lurambi Green School,Public,Kakamega,Kakamega,Western,Mvita,Mombasa,Coast,T004,Peter Mwangi,M,Biology,Thika Town,Kiambu,Central,SUB004,Biology,Mid-Term,83,88,0,Yes,Boarding
EDU-0215,STU-1215,Boniface Akinyi Juma,F,15,2014-09-06,2022-10-06,"8",Grade 8A,SCH011,Athi River Stem School,Private,Machakos,Machakos,Eastern,Ruiru,Kiambu,Central,T005,Fatuma Ali,F,Computer Studies,Mvita,Mombasa,Coast,SUB005,Computer Studies,Mid-Term,47,0,0,No,Day
EDU-0083,STU-1083,Herbert Akinyi Nyongesa,M,18,2012-09-05,2023-04-08,"7",Grade 7B,SCH011,Athi River Stem School,Private,Machakos,Machakos,Eastern,Eldoret East,Uasin Gishu,Rift Valley,T005,Fatuma Ali,F,Computer Studies,Mvita,Mombasa,Coast,SUB005,Computer Studies,Practical,57,65,0,No,Boarding
